year,uclms,ez,d81,d82,d83,d84,d85,d86,d87,d88,c1,c2,c3,c4,c5,c6,c7,c8,c9,c10,c11,c12,c13,c14,c15,c16,c17,c18,c19,c20,c21,c22,luclms,guclms,cez,guclms_1,guclms_2,t,ezt,city
1980,166746,0,0,0,0,0,0,0,0,0,1,0,0,0,0,0,0,0,0,0,0,0,0,0,0,0,0,0,0,0,0,0,12.02423,,,,,1,0,1
1981,83561,0,1,0,0,0,0,0,0,0,1,0,0,0,0,0,0,0,0,0,0,0,0,0,0,0,0,0,0,0,0,0,11.33333,-.6908951,0,,,2,0,1
1982,158146,0,0,1,0,0,0,0,0,0,1,0,0,0,0,0,0,0,0,0,0,0,0,0,0,0,0,0,0,0,0,0,11.97127,.6379423,0,-.6908951,,3,0,1
1983,83572,0,0,0,1,0,0,0,0,0,1,0,0,0,0,0,0,0,0,0,0,0,0,0,0,0,0,0,0,0,0,0,11.33346,-.6378107,0,.6379423,-.6908951,4,0,1
1984,45949,1,0,0,0,1,0,0,0,0,1,0,0,0,0,0,0,0,0,0,0,0,0,0,0,0,0,0,0,0,0,0,10.73529,-.598176,1,-.6378107,.6379423,5,5,1
1985,48848,1,0,0,0,0,1,0,0,0,1,0,0,0,0,0,0,0,0,0,0,0,0,0,0,0,0,0,0,0,0,0,10.79647,.0611811,0,-.598176,-.6378107,6,6,1
1986,46570,1,0,0,0,0,0,1,0,0,1,0,0,0,0,0,0,0,0,0,0,0,0,0,0,0,0,0,0,0,0,0,10.74871,-.0477571,0,.0611811,-.598176,7,7,1
1987,47205,1,0,0,0,0,0,0,1,0,1,0,0,0,0,0,0,0,0,0,0,0,0,0,0,0,0,0,0,0,0,0,10.76225,.0135431,0,-.0477571,.0611811,8,8,1
1988,37953,1,0,0,0,0,0,0,0,1,1,0,0,0,0,0,0,0,0,0,0,0,0,0,0,0,0,0,0,0,0,0,10.5441,-.2181511,0,.0135431,-.0477571,9,9,1
1980,115279,0,0,0,0,0,0,0,0,0,0,1,0,0,0,0,0,0,0,0,0,0,0,0,0,0,0,0,0,0,0,0,11.65511,,,,,1,0,2
1981,78278,0,1,0,0,0,0,0,0,0,0,1,0,0,0,0,0,0,0,0,0,0,0,0,0,0,0,0,0,0,0,0,11.26802,-.3870888,0,,,2,0,2
1982,126389,0,0,1,0,0,0,0,0,0,0,1,0,0,0,0,0,0,0,0,0,0,0,0,0,0,0,0,0,0,0,0,11.74712,.4790983,0,-.3870888,,3,0,2
1983,79666,0,0,0,1,0,0,0,0,0,0,1,0,0,0,0,0,0,0,0,0,0,0,0,0,0,0,0,0,0,0,0,11.2856,-.4615221,0,.4790983,-.3870888,4,0,2
1984,41376,0,0,0,0,1,0,0,0,0,0,1,0,0,0,0,0,0,0,0,0,0,0,0,0,0,0,0,0,0,0,0,10.63046,-.6551418,0,-.4615221,.4790983,5,0,2
1985,53905,0,0,0,0,0,1,0,0,0,0,1,0,0,0,0,0,0,0,0,0,0,0,0,0,0,0,0,0,0,0,0,10.89498,.2645226,0,-.6551418,-.4615221,6,0,2
1986,42037,0,0,0,0,0,0,1,0,0,0,1,0,0,0,0,0,0,0,0,0,0,0,0,0,0,0,0,0,0,0,0,10.64631,-.2486734,0,.2645226,-.6551418,7,0,2
1987,44151,0,0,0,0,0,0,0,1,0,0,1,0,0,0,0,0,0,0,0,0,0,0,0,0,0,0,0,0,0,0,0,10.69537,.0490656,0,-.2486734,.2645226,8,0,2
1988,27088,0,0,0,0,0,0,0,0,1,0,1,0,0,0,0,0,0,0,0,0,0,0,0,0,0,0,0,0,0,0,0,10.20685,-.4885244,0,.0490656,-.2486734,9,0,2
1980,61046,0,0,0,0,0,0,0,0,0,0,0,1,0,0,0,0,0,0,0,0,0,0,0,0,0,0,0,0,0,0,0,11.01938,,,,,1,0,3
1981,60959,0,1,0,0,0,0,0,0,0,0,0,1,0,0,0,0,0,0,0,0,0,0,0,0,0,0,0,0,0,0,0,11.01796,-.0014267,0,,,2,0,3
1982,90064,0,0,1,0,0,0,0,0,0,0,0,1,0,0,0,0,0,0,0,0,0,0,0,0,0,0,0,0,0,0,0,11.40828,.3903189,0,-.0014267,,3,0,3
1983,61609,0,0,0,1,0,0,0,0,0,0,0,1,0,0,0,0,0,0,0,0,0,0,0,0,0,0,0,0,0,0,0,11.02856,-.3797121,0,.3903189,-.0014267,4,0,3
1984,41869,0,0,0,0,1,0,0,0,0,0,0,1,0,0,0,0,0,0,0,0,0,0,0,0,0,0,0,0,0,0,0,10.6423,-.3862629,0,-.3797121,.3903189,5,0,3
1985,49353,0,0,0,0,0,1,0,0,0,0,0,1,0,0,0,0,0,0,0,0,0,0,0,0,0,0,0,0,0,0,0,10.80675,.1644535,0,-.3862629,-.3797121,6,0,3
1986,38632,0,0,0,0,0,0,1,0,0,0,0,1,0,0,0,0,0,0,0,0,0,0,0,0,0,0,0,0,0,0,0,10.56184,-.2449179,0,.1644535,-.3862629,7,0,3
1987,37350,0,0,0,0,0,0,0,1,0,0,0,1,0,0,0,0,0,0,0,0,0,0,0,0,0,0,0,0,0,0,0,10.52809,-.0337477,0,-.2449179,.1644535,8,0,3
1988,31182,0,0,0,0,0,0,0,0,1,0,0,1,0,0,0,0,0,0,0,0,0,0,0,0,0,0,0,0,0,0,0,10.3476,-.1804924,0,-.0337477,-.2449179,9,0,3
1980,91152,0,0,0,0,0,0,0,0,0,0,0,0,1,0,0,0,0,0,0,0,0,0,0,0,0,0,0,0,0,0,0,11.42028,,,,,1,0,4
1981,47337,0,1,0,0,0,0,0,0,0,0,0,0,1,0,0,0,0,0,0,0,0,0,0,0,0,0,0,0,0,0,0,10.76505,-.6552362,0,,,2,0,4
1982,102228,0,0,1,0,0,0,0,0,0,0,0,0,1,0,0,0,0,0,0,0,0,0,0,0,0,0,0,0,0,0,0,11.53496,.7699137,0,-.6552362,,3,0,4
1983,59709,0,0,0,1,0,0,0,0,0,0,0,0,1,0,0,0,0,0,0,0,0,0,0,0,0,0,0,0,0,0,0,10.99724,-.5377226,0,.7699137,-.6552362,4,0,4
1984,30062,0,0,0,0,1,0,0,0,0,0,0,0,1,0,0,0,0,0,0,0,0,0,0,0,0,0,0,0,0,0,0,10.31102,-.6862211,0,-.5377226,.7699137,5,0,4
1985,41624,0,0,0,0,0,1,0,0,0,0,0,0,1,0,0,0,0,0,0,0,0,0,0,0,0,0,0,0,0,0,0,10.63643,.3254156,0,-.6862211,-.5377226,6,0,4
1986,33688,0,0,0,0,0,0,1,0,0,0,0,0,1,0,0,0,0,0,0,0,0,0,0,0,0,0,0,0,0,0,0,10.4249,-.2115355,0,.3254156,-.6862211,7,0,4
1987,23357,0,0,0,0,0,0,0,1,0,0,0,0,1,0,0,0,0,0,0,0,0,0,0,0,0,0,0,0,0,0,0,10.05865,-.3662453,0,-.2115355,.3254156,8,0,4
1988,17190,0,0,0,0,0,0,0,0,1,0,0,0,1,0,0,0,0,0,0,0,0,0,0,0,0,0,0,0,0,0,0,9.752083,-.3065691,0,-.3662453,-.2115355,9,0,4
1980,183095,0,0,0,0,0,0,0,0,0,0,0,0,0,1,0,0,0,0,0,0,0,0,0,0,0,0,0,0,0,0,0,12.11776,,,,,1,0,5
1981,100892,0,1,0,0,0,0,0,0,0,0,0,0,0,1,0,0,0,0,0,0,0,0,0,0,0,0,0,0,0,0,0,11.52181,-.5959549,0,,,2,0,5
1982,121593,0,0,1,0,0,0,0,0,0,0,0,0,0,1,0,0,0,0,0,0,0,0,0,0,0,0,0,0,0,0,0,11.70844,.1866293,0,-.5959549,,3,0,5
1983,61597,0,0,0,1,0,0,0,0,0,0,0,0,0,1,0,0,0,0,0,0,0,0,0,0,0,0,0,0,0,0,0,11.02837,-.6800671,0,.1866293,-.5959549,4,0,5
1984,63997,0,0,0,0,1,0,0,0,0,0,0,0,0,1,0,0,0,0,0,0,0,0,0,0,0,0,0,0,0,0,0,11.06659,.0382233,0,-.6800671,.1866293,5,0,5
1985,82141,1,0,0,0,0,1,0,0,0,0,0,0,0,1,0,0,0,0,0,0,0,0,0,0,0,0,0,0,0,0,0,11.31619,.2496014,1,.0382233,-.6800671,6,6,5
1986,54092,1,0,0,0,0,0,1,0,0,0,0,0,0,1,0,0,0,0,0,0,0,0,0,0,0,0,0,0,0,0,0,10.89844,-.4177513,0,.2496014,.0382233,7,7,5
1987,37084,1,0,0,0,0,0,0,1,0,0,0,0,0,1,0,0,0,0,0,0,0,0,0,0,0,0,0,0,0,0,0,10.52094,-.3775005,0,-.4177513,.2496014,8,8,5
1988,28978,1,0,0,0,0,0,0,0,1,0,0,0,0,1,0,0,0,0,0,0,0,0,0,0,0,0,0,0,0,0,0,10.27429,-.2466488,0,-.3775005,-.4177513,9,9,5
1980,117090,0,0,0,0,0,0,0,0,0,0,0,0,0,0,1,0,0,0,0,0,0,0,0,0,0,0,0,0,0,0,0,11.6707,,,,,1,0,6
1981,131495,0,1,0,0,0,0,0,0,0,0,0,0,0,0,1,0,0,0,0,0,0,0,0,0,0,0,0,0,0,0,0,11.78672,.1160259,0,,,2,0,6
1982,190727,0,0,1,0,0,0,0,0,0,0,0,0,0,0,1,0,0,0,0,0,0,0,0,0,0,0,0,0,0,0,0,12.1586,.3718739,0,.1160259,,3,0,6
1983,172074,0,0,0,1,0,0,0,0,0,0,0,0,0,0,1,0,0,0,0,0,0,0,0,0,0,0,0,0,0,0,0,12.05568,-.1029177,0,.3718739,.1160259,4,0,6
1984,113250,1,0,0,0,1,0,0,0,0,0,0,0,0,0,1,0,0,0,0,0,0,0,0,0,0,0,0,0,0,0,0,11.63735,-.4183273,1,-.1029177,.3718739,5,5,6
1985,112460,1,0,0,0,0,1,0,0,0,0,0,0,0,0,1,0,0,0,0,0,0,0,0,0,0,0,0,0,0,0,0,11.63035,-.007,0,-.4183273,-.1029177,6,6,6
1986,95065,1,0,0,0,0,0,1,0,0,0,0,0,0,0,1,0,0,0,0,0,0,0,0,0,0,0,0,0,0,0,0,11.46232,-.1680365,0,-.007,-.4183273,7,7,6
1987,112507,1,0,0,0,0,0,0,1,0,0,0,0,0,0,1,0,0,0,0,0,0,0,0,0,0,0,0,0,0,0,0,11.63077,.1684542,0,-.1680365,-.007,8,8,6
1988,73704,1,0,0,0,0,0,0,0,1,0,0,0,0,0,1,0,0,0,0,0,0,0,0,0,0,0,0,0,0,0,0,11.20781,-.4229584,0,.1684542,-.1680365,9,9,6
1980,172782,0,0,0,0,0,0,0,0,0,0,0,0,0,0,0,1,0,0,0,0,0,0,0,0,0,0,0,0,0,0,0,12.05979,,,,,1,0,7
1981,161154,0,1,0,0,0,0,0,0,0,0,0,0,0,0,0,1,0,0,0,0,0,0,0,0,0,0,0,0,0,0,0,11.99012,-.0696697,0,,,2,0,7
1982,356613,0,0,1,0,0,0,0,0,0,0,0,0,0,0,0,1,0,0,0,0,0,0,0,0,0,0,0,0,0,0,0,12.78441,.7942905,0,-.0696697,,3,0,7
1983,255142,0,0,0,1,0,0,0,0,0,0,0,0,0,0,0,1,0,0,0,0,0,0,0,0,0,0,0,0,0,0,0,12.44958,-.3348312,0,.7942905,-.0696697,4,0,7
1984,125848,1,0,0,0,1,0,0,0,0,0,0,0,0,0,0,1,0,0,0,0,0,0,0,0,0,0,0,0,0,0,0,11.74283,-.7067451,1,-.3348312,.7942905,5,5,7
1985,124783,1,0,0,0,0,1,0,0,0,0,0,0,0,0,0,1,0,0,0,0,0,0,0,0,0,0,0,0,0,0,0,11.73433,-.0084991,0,-.7067451,-.3348312,6,6,7
1986,106736,1,0,0,0,0,0,1,0,0,0,0,0,0,0,0,1,0,0,0,0,0,0,0,0,0,0,0,0,0,0,0,11.57811,-.1562176,0,-.0084991,-.7067451,7,7,7
1987,95935,1,0,0,0,0,0,0,1,0,0,0,0,0,0,0,1,0,0,0,0,0,0,0,0,0,0,0,0,0,0,0,11.47143,-.1066875,0,-.1562176,-.0084991,8,8,7
1988,72338,1,0,0,0,0,0,0,0,1,0,0,0,0,0,0,1,0,0,0,0,0,0,0,0,0,0,0,0,0,0,0,11.18911,-.282321,0,-.1066875,-.1562176,9,9,7
1980,123567,0,0,0,0,0,0,0,0,0,0,0,0,0,0,0,0,1,0,0,0,0,0,0,0,0,0,0,0,0,0,0,11.72454,,,,,1,0,8
1981,84035,0,1,0,0,0,0,0,0,0,0,0,0,0,0,0,0,1,0,0,0,0,0,0,0,0,0,0,0,0,0,0,11.33899,-.3855505,0,,,2,0,8
1982,121736,0,0,1,0,0,0,0,0,0,0,0,0,0,0,0,0,1,0,0,0,0,0,0,0,0,0,0,0,0,0,0,11.70961,.3706217,0,-.3855505,,3,0,8
1983,85812,0,0,0,1,0,0,0,0,0,0,0,0,0,0,0,0,1,0,0,0,0,0,0,0,0,0,0,0,0,0,0,11.35991,-.3496962,0,.3706217,-.3855505,4,0,8
1984,83180,0,0,0,0,1,0,0,0,0,0,0,0,0,0,0,0,1,0,0,0,0,0,0,0,0,0,0,0,0,0,0,11.32876,-.0311518,0,-.3496962,.3706217,5,0,8
1985,55967,1,0,0,0,0,1,0,0,0,0,0,0,0,0,0,0,1,0,0,0,0,0,0,0,0,0,0,0,0,0,0,10.93252,-.396245,1,-.0311518,-.3496962,6,6,8
1986,68651,1,0,0,0,0,0,1,0,0,0,0,0,0,0,0,0,1,0,0,0,0,0,0,0,0,0,0,0,0,0,0,11.13679,.2042742,0,-.396245,-.0311518,7,7,8
1987,33909,1,0,0,0,0,0,0,1,0,0,0,0,0,0,0,0,1,0,0,0,0,0,0,0,0,0,0,0,0,0,0,10.43144,-.7053556,0,.2042742,-.396245,8,8,8
1988,19190,1,0,0,0,0,0,0,0,1,0,0,0,0,0,0,0,1,0,0,0,0,0,0,0,0,0,0,0,0,0,0,9.862144,-.5692911,0,-.7053556,.2042742,9,9,8
1980,164996,0,0,0,0,0,0,0,0,0,0,0,0,0,0,0,0,0,1,0,0,0,0,0,0,0,0,0,0,0,0,0,12.01368,,,,,1,0,9
1981,139598,0,1,0,0,0,0,0,0,0,0,0,0,0,0,0,0,0,1,0,0,0,0,0,0,0,0,0,0,0,0,0,11.84652,-.1671543,0,,,2,0,9
1982,215534,0,0,1,0,0,0,0,0,0,0,0,0,0,0,0,0,0,1,0,0,0,0,0,0,0,0,0,0,0,0,0,12.28087,.4343519,0,-.1671543,,3,0,9
1983,148060,0,0,0,1,0,0,0,0,0,0,0,0,0,0,0,0,0,1,0,0,0,0,0,0,0,0,0,0,0,0,0,11.90537,-.3755016,0,.4343519,-.1671543,4,0,9
1984,107105,0,0,0,0,1,0,0,0,0,0,0,0,0,0,0,0,0,1,0,0,0,0,0,0,0,0,0,0,0,0,0,11.58156,-.3238077,0,-.3755016,.4343519,5,0,9
1985,86550,1,0,0,0,0,1,0,0,0,0,0,0,0,0,0,0,0,1,0,0,0,0,0,0,0,0,0,0,0,0,0,11.36848,-.2130871,1,-.3238077,-.3755016,6,6,9
1986,87191,1,0,0,0,0,0,1,0,0,0,0,0,0,0,0,0,0,1,0,0,0,0,0,0,0,0,0,0,0,0,0,11.37586,.0073786,0,-.2130871,-.3238077,7,7,9
1987,50279,1,0,0,0,0,0,0,1,0,0,0,0,0,0,0,0,0,1,0,0,0,0,0,0,0,0,0,0,0,0,0,10.82534,-.5505133,0,.0073786,-.2130871,8,8,9
1988,30843,1,0,0,0,0,0,0,0,1,0,0,0,0,0,0,0,0,1,0,0,0,0,0,0,0,0,0,0,0,0,0,10.33667,-.488678,0,-.5505133,.0073786,9,9,9
1980,533598,0,0,0,0,0,0,0,0,0,0,0,0,0,0,0,0,0,0,1,0,0,0,0,0,0,0,0,0,0,0,0,13.1874,,,,,1,0,10
1981,435754,0,1,0,0,0,0,0,0,0,0,0,0,0,0,0,0,0,0,1,0,0,0,0,0,0,0,0,0,0,0,0,12.98483,-.2025652,0,,,2,0,10
1982,667208,0,0,1,0,0,0,0,0,0,0,0,0,0,0,0,0,0,0,1,0,0,0,0,0,0,0,0,0,0,0,0,13.41086,.4260244,0,-.2025652,,3,0,10
1983,545625,0,0,0,1,0,0,0,0,0,0,0,0,0,0,0,0,0,0,1,0,0,0,0,0,0,0,0,0,0,0,0,13.20969,-.20117,0,.4260244,-.2025652,4,0,10
1984,340092,0,0,0,0,1,0,0,0,0,0,0,0,0,0,0,0,0,0,1,0,0,0,0,0,0,0,0,0,0,0,0,12.73697,-.4727154,0,-.20117,.4260244,5,0,10
1985,325797,0,0,0,0,0,1,0,0,0,0,0,0,0,0,0,0,0,0,1,0,0,0,0,0,0,0,0,0,0,0,0,12.69403,-.042942,0,-.4727154,-.20117,6,0,10
1986,303724,0,0,0,0,0,0,1,0,0,0,0,0,0,0,0,0,0,0,1,0,0,0,0,0,0,0,0,0,0,0,0,12.62387,-.0701551,0,-.042942,-.4727154,7,0,10
1987,262512,0,0,0,0,0,0,0,1,0,0,0,0,0,0,0,0,0,0,1,0,0,0,0,0,0,0,0,0,0,0,0,12.47805,-.1458225,0,-.0701551,-.042942,8,0,10
1988,209103,0,0,0,0,0,0,0,0,1,0,0,0,0,0,0,0,0,0,1,0,0,0,0,0,0,0,0,0,0,0,0,12.25058,-.2274694,0,-.1458225,-.0701551,9,0,10
1980,169747,0,0,0,0,0,0,0,0,0,0,0,0,0,0,0,0,0,0,0,1,0,0,0,0,0,0,0,0,0,0,0,12.04206,,,,,1,0,11
1981,95962,0,1,0,0,0,0,0,0,0,0,0,0,0,0,0,0,0,0,0,1,0,0,0,0,0,0,0,0,0,0,0,11.47171,-.5703573,0,,,2,0,11
1982,157129,0,0,1,0,0,0,0,0,0,0,0,0,0,0,0,0,0,0,0,1,0,0,0,0,0,0,0,0,0,0,0,11.96482,.4931154,0,-.5703573,,3,0,11
1983,67341,0,0,0,1,0,0,0,0,0,0,0,0,0,0,0,0,0,0,0,1,0,0,0,0,0,0,0,0,0,0,0,11.11752,-.8472986,0,.4931154,-.5703573,4,0,11
1984,32549,0,0,0,0,1,0,0,0,0,0,0,0,0,0,0,0,0,0,0,1,0,0,0,0,0,0,0,0,0,0,0,10.3905,-.7270222,0,-.8472986,.4931154,5,0,11
1985,36576,0,0,0,0,0,1,0,0,0,0,0,0,0,0,0,0,0,0,0,1,0,0,0,0,0,0,0,0,0,0,0,10.50715,.1166458,0,-.7270222,-.8472986,6,0,11
1986,65114,0,0,0,0,0,0,1,0,0,0,0,0,0,0,0,0,0,0,0,1,0,0,0,0,0,0,0,0,0,0,0,11.08389,.5767469,0,.1166458,-.7270222,7,0,11
1987,45005,0,0,0,0,0,0,0,1,0,0,0,0,0,0,0,0,0,0,0,1,0,0,0,0,0,0,0,0,0,0,0,10.71453,-.3693657,0,.5767469,.1166458,8,0,11
1988,29916,0,0,0,0,0,0,0,0,1,0,0,0,0,0,0,0,0,0,0,1,0,0,0,0,0,0,0,0,0,0,0,10.30615,-.4083805,0,-.3693657,.5767469,9,0,11
1980,74306,0,0,0,0,0,0,0,0,0,0,0,0,0,0,0,0,0,0,0,0,1,0,0,0,0,0,0,0,0,0,0,11.21595,,,,,1,0,12
1981,59327,0,1,0,0,0,0,0,0,0,0,0,0,0,0,0,0,0,0,0,0,1,0,0,0,0,0,0,0,0,0,0,10.99082,-.2251272,0,,,2,0,12
1982,130963,0,0,1,0,0,0,0,0,0,0,0,0,0,0,0,0,0,0,0,0,1,0,0,0,0,0,0,0,0,0,0,11.78267,.7918501,0,-.2251272,,3,0,12
1983,97562,0,0,0,1,0,0,0,0,0,0,0,0,0,0,0,0,0,0,0,0,1,0,0,0,0,0,0,0,0,0,0,11.48824,-.2944269,0,.7918501,-.2251272,4,0,12
1984,58156,0,0,0,0,1,0,0,0,0,0,0,0,0,0,0,0,0,0,0,0,1,0,0,0,0,0,0,0,0,0,0,10.97088,-.5173588,0,-.2944269,.7918501,5,0,12
1985,86582,0,0,0,0,0,1,0,0,0,0,0,0,0,0,0,0,0,0,0,0,1,0,0,0,0,0,0,0,0,0,0,11.36885,.3979626,0,-.5173588,-.2944269,6,0,12
1986,69403,0,0,0,0,0,0,1,0,0,0,0,0,0,0,0,0,0,0,0,0,1,0,0,0,0,0,0,0,0,0,0,11.14769,-.2211618,0,.3979626,-.5173588,7,0,12
1987,53164,0,0,0,0,0,0,0,1,0,0,0,0,0,0,0,0,0,0,0,0,1,0,0,0,0,0,0,0,0,0,0,10.88114,-.2665482,0,-.2211618,.3979626,8,0,12
1988,40544,0,0,0,0,0,0,0,0,1,0,0,0,0,0,0,0,0,0,0,0,1,0,0,0,0,0,0,0,0,0,0,10.61014,-.2709942,0,-.2665482,-.2211618,9,0,12
1980,49491,0,0,0,0,0,0,0,0,0,0,0,0,0,0,0,0,0,0,0,0,0,1,0,0,0,0,0,0,0,0,0,10.80955,,,,,1,0,13
1981,40607,0,1,0,0,0,0,0,0,0,0,0,0,0,0,0,0,0,0,0,0,0,1,0,0,0,0,0,0,0,0,0,10.6117,-.1978512,0,,,2,0,13
1982,60684,0,0,1,0,0,0,0,0,0,0,0,0,0,0,0,0,0,0,0,0,0,1,0,0,0,0,0,0,0,0,0,11.01344,.4017401,0,-.1978512,,3,0,13
1983,49421,0,0,0,1,0,0,0,0,0,0,0,0,0,0,0,0,0,0,0,0,0,1,0,0,0,0,0,0,0,0,0,10.80813,-.2053051,0,.4017401,-.1978512,4,0,13
1984,38076,0,0,0,0,1,0,0,0,0,0,0,0,0,0,0,0,0,0,0,0,0,1,0,0,0,0,0,0,0,0,0,10.54734,-.2607908,0,-.2053051,.4017401,5,0,13
1985,25868,0,0,0,0,0,1,0,0,0,0,0,0,0,0,0,0,0,0,0,0,0,1,0,0,0,0,0,0,0,0,0,10.16076,-.3865776,0,-.2607908,-.2053051,6,0,13
1986,23641,0,0,0,0,0,0,1,0,0,0,0,0,0,0,0,0,0,0,0,0,0,1,0,0,0,0,0,0,0,0,0,10.07074,-.090024,0,-.3865776,-.2607908,7,0,13
1987,18660,0,0,0,0,0,0,0,1,0,0,0,0,0,0,0,0,0,0,0,0,0,1,0,0,0,0,0,0,0,0,0,9.834138,-.2365999,0,-.090024,-.3865776,8,0,13
1988,12360,0,0,0,0,0,0,0,0,1,0,0,0,0,0,0,0,0,0,0,0,0,1,0,0,0,0,0,0,0,0,0,9.422221,-.4119167,0,-.2365999,-.090024,9,0,13
1980,48490,0,0,0,0,0,0,0,0,0,0,0,0,0,0,0,0,0,0,0,0,0,0,1,0,0,0,0,0,0,0,0,10.78911,,,,,1,0,14
1981,34489,0,1,0,0,0,0,0,0,0,0,0,0,0,0,0,0,0,0,0,0,0,0,1,0,0,0,0,0,0,0,0,10.4484,-.3407173,0,,,2,0,14
1982,46225,0,0,1,0,0,0,0,0,0,0,0,0,0,0,0,0,0,0,0,0,0,0,1,0,0,0,0,0,0,0,0,10.74128,.2928801,0,-.3407173,,3,0,14
1983,34154,0,0,0,1,0,0,0,0,0,0,0,0,0,0,0,0,0,0,0,0,0,0,1,0,0,0,0,0,0,0,0,10.43863,-.3026409,0,.2928801,-.3407173,4,0,14
1984,44381,0,0,0,0,1,0,0,0,0,0,0,0,0,0,0,0,0,0,0,0,0,0,1,0,0,0,0,0,0,0,0,10.70057,.2619314,0,-.3026409,.2928801,5,0,14
1985,25004,1,0,0,0,0,1,0,0,0,0,0,0,0,0,0,0,0,0,0,0,0,0,1,0,0,0,0,0,0,0,0,10.12679,-.5737753,1,.2619314,-.3026409,6,6,14
1986,21100,1,0,0,0,0,0,1,0,0,0,0,0,0,0,0,0,0,0,0,0,0,0,1,0,0,0,0,0,0,0,0,9.957028,-.1697626,0,-.5737753,.2619314,7,7,14
1987,16913,1,0,0,0,0,0,0,1,0,0,0,0,0,0,0,0,0,0,0,0,0,0,1,0,0,0,0,0,0,0,0,9.735838,-.2211905,0,-.1697626,-.5737753,8,8,14
1988,14090,1,0,0,0,0,0,0,0,1,0,0,0,0,0,0,0,0,0,0,0,0,0,1,0,0,0,0,0,0,0,0,9.553221,-.1826172,0,-.2211905,-.1697626,9,9,14
1980,118350,0,0,0,0,0,0,0,0,0,0,0,0,0,0,0,0,0,0,0,0,0,0,0,1,0,0,0,0,0,0,0,11.6814,,,,,1,0,15
1981,73347,0,1,0,0,0,0,0,0,0,0,0,0,0,0,0,0,0,0,0,0,0,0,0,1,0,0,0,0,0,0,0,11.20296,-.4784441,0,,,2,0,15
1982,92352,0,0,1,0,0,0,0,0,0,0,0,0,0,0,0,0,0,0,0,0,0,0,0,1,0,0,0,0,0,0,0,11.43336,.2304058,0,-.4784441,,3,0,15
1983,68368,0,0,0,1,0,0,0,0,0,0,0,0,0,0,0,0,0,0,0,0,0,0,0,1,0,0,0,0,0,0,0,11.13266,-.300703,0,.2304058,-.4784441,4,0,15
1984,40940,0,0,0,0,1,0,0,0,0,0,0,0,0,0,0,0,0,0,0,0,0,0,0,1,0,0,0,0,0,0,0,10.61986,-.5127974,0,-.300703,.2304058,5,0,15
1985,42066,0,0,0,0,0,1,0,0,0,0,0,0,0,0,0,0,0,0,0,0,0,0,0,1,0,0,0,0,0,0,0,10.647,.027133,0,-.5127974,-.300703,6,0,15
1986,53873,0,0,0,0,0,0,1,0,0,0,0,0,0,0,0,0,0,0,0,0,0,0,0,1,0,0,0,0,0,0,0,10.89438,.2473888,0,.027133,-.5127974,7,0,15
1987,44895,0,0,0,0,0,0,0,1,0,0,0,0,0,0,0,0,0,0,0,0,0,0,0,1,0,0,0,0,0,0,0,10.71208,-.1823025,0,.2473888,.027133,8,0,15
1988,30598,0,0,0,0,0,0,0,0,1,0,0,0,0,0,0,0,0,0,0,0,0,0,0,1,0,0,0,0,0,0,0,10.32869,-.3833923,0,-.1823025,.2473888,9,0,15
1980,178405,0,0,0,0,0,0,0,0,0,0,0,0,0,0,0,0,0,0,0,0,0,0,0,0,1,0,0,0,0,0,0,12.09181,,,,,1,0,16
1981,114841,0,1,0,0,0,0,0,0,0,0,0,0,0,0,0,0,0,0,0,0,0,0,0,0,1,0,0,0,0,0,0,11.6513,-.4405069,0,,,2,0,16
1982,210646,0,0,1,0,0,0,0,0,0,0,0,0,0,0,0,0,0,0,0,0,0,0,0,0,1,0,0,0,0,0,0,12.25793,.6066303,0,-.4405069,,3,0,16
1983,167426,0,0,0,1,0,0,0,0,0,0,0,0,0,0,0,0,0,0,0,0,0,0,0,0,1,0,0,0,0,0,0,12.0283,-.2296381,0,.6066303,-.4405069,4,0,16
1984,131441,0,0,0,0,1,0,0,0,0,0,0,0,0,0,0,0,0,0,0,0,0,0,0,0,1,0,0,0,0,0,0,11.78631,-.2419834,0,-.2296381,.6066303,5,0,16
1985,98519,0,0,0,0,0,1,0,0,0,0,0,0,0,0,0,0,0,0,0,0,0,0,0,0,1,0,0,0,0,0,0,11.498,-.2883081,0,-.2419834,-.2296381,6,0,16
1986,127496,0,0,0,0,0,0,1,0,0,0,0,0,0,0,0,0,0,0,0,0,0,0,0,0,1,0,0,0,0,0,0,11.75584,.2578354,0,-.2883081,-.2419834,7,0,16
1987,68938,0,0,0,0,0,0,0,1,0,0,0,0,0,0,0,0,0,0,0,0,0,0,0,0,1,0,0,0,0,0,0,11.14096,-.6148777,0,.2578354,-.2883081,8,0,16
1988,35683,0,0,0,0,0,0,0,0,1,0,0,0,0,0,0,0,0,0,0,0,0,0,0,0,1,0,0,0,0,0,0,10.48243,-.6585331,0,-.6148777,.2578354,9,0,16
1980,69414,0,0,0,0,0,0,0,0,0,0,0,0,0,0,0,0,0,0,0,0,0,0,0,0,0,1,0,0,0,0,0,11.14784,,,,,1,0,17
1981,51411,0,1,0,0,0,0,0,0,0,0,0,0,0,0,0,0,0,0,0,0,0,0,0,0,0,1,0,0,0,0,0,10.84761,-.3002367,0,,,2,0,17
1982,81890,0,0,1,0,0,0,0,0,0,0,0,0,0,0,0,0,0,0,0,0,0,0,0,0,0,1,0,0,0,0,0,11.31313,.4655247,0,-.3002367,,3,0,17
1983,68351,0,0,0,1,0,0,0,0,0,0,0,0,0,0,0,0,0,0,0,0,0,0,0,0,0,1,0,0,0,0,0,11.13241,-.1807213,0,.4655247,-.3002367,4,0,17
1984,41922,1,0,0,0,1,0,0,0,0,0,0,0,0,0,0,0,0,0,0,0,0,0,0,0,0,1,0,0,0,0,0,10.64357,-.4888449,1,-.1807213,.4655247,5,5,17
1985,35915,1,0,0,0,0,1,0,0,0,0,0,0,0,0,0,0,0,0,0,0,0,0,0,0,0,1,0,0,0,0,0,10.48891,-.1546555,0,-.4888449,-.1807213,6,6,17
1986,41679,1,0,0,0,0,0,1,0,0,0,0,0,0,0,0,0,0,0,0,0,0,0,0,0,0,1,0,0,0,0,0,10.63775,.1488419,0,-.1546555,-.4888449,7,7,17
1987,26688,1,0,0,0,0,0,0,1,0,0,0,0,0,0,0,0,0,0,0,0,0,0,0,0,0,1,0,0,0,0,0,10.19197,-.4457836,0,.1488419,-.1546555,8,8,17
1988,18749,1,0,0,0,0,0,0,0,1,0,0,0,0,0,0,0,0,0,0,0,0,0,0,0,0,1,0,0,0,0,0,9.838896,-.3530731,0,-.4457836,.1488419,9,9,17
1980,113176,0,0,0,0,0,0,0,0,0,0,0,0,0,0,0,0,0,0,0,0,0,0,0,0,0,0,1,0,0,0,0,11.6367,,,,,1,0,18
1981,97565,0,1,0,0,0,0,0,0,0,0,0,0,0,0,0,0,0,0,0,0,0,0,0,0,0,0,1,0,0,0,0,11.48827,-.1484251,0,,,2,0,18
1982,131498,0,0,1,0,0,0,0,0,0,0,0,0,0,0,0,0,0,0,0,0,0,0,0,0,0,0,1,0,0,0,0,11.78675,.2984724,0,-.1484251,,3,0,18
1983,86524,0,0,0,1,0,0,0,0,0,0,0,0,0,0,0,0,0,0,0,0,0,0,0,0,0,0,1,0,0,0,0,11.36818,-.4185696,0,.2984724,-.1484251,4,0,18
1984,56333,0,0,0,0,1,0,0,0,0,0,0,0,0,0,0,0,0,0,0,0,0,0,0,0,0,0,1,0,0,0,0,10.93904,-.429142,0,-.4185696,.2984724,5,0,18
1985,59866,0,0,0,0,0,1,0,0,0,0,0,0,0,0,0,0,0,0,0,0,0,0,0,0,0,0,1,0,0,0,0,10.99986,.0608282,0,-.429142,-.4185696,6,0,18
1986,53627,0,0,0,0,0,0,1,0,0,0,0,0,0,0,0,0,0,0,0,0,0,0,0,0,0,0,1,0,0,0,0,10.88981,-.1100559,0,.0608282,-.429142,7,0,18
1987,47979,0,0,0,0,0,0,0,1,0,0,0,0,0,0,0,0,0,0,0,0,0,0,0,0,0,0,1,0,0,0,0,10.77852,-.111289,0,-.1100559,.0608282,8,0,18
1988,36244,0,0,0,0,0,0,0,0,1,0,0,0,0,0,0,0,0,0,0,0,0,0,0,0,0,0,1,0,0,0,0,10.49803,-.2804899,0,-.111289,-.1100559,9,0,18
1980,129888,0,0,0,0,0,0,0,0,0,0,0,0,0,0,0,0,0,0,0,0,0,0,0,0,0,0,0,1,0,0,0,11.77443,,,,,1,0,19
1981,79055,0,1,0,0,0,0,0,0,0,0,0,0,0,0,0,0,0,0,0,0,0,0,0,0,0,0,0,1,0,0,0,11.2779,-.4965286,0,,,2,0,19
1982,141472,0,0,1,0,0,0,0,0,0,0,0,0,0,0,0,0,0,0,0,0,0,0,0,0,0,0,0,1,0,0,0,11.85986,.5819588,0,-.4965286,,3,0,19
1983,110151,0,0,0,1,0,0,0,0,0,0,0,0,0,0,0,0,0,0,0,0,0,0,0,0,0,0,0,1,0,0,0,11.60961,-.2502499,0,.5819588,-.4965286,4,0,19
1984,95703,0,0,0,0,1,0,0,0,0,0,0,0,0,0,0,0,0,0,0,0,0,0,0,0,0,0,0,1,0,0,0,11.469,-.1406031,0,-.2502499,.5819588,5,0,19
1985,68787,0,0,0,0,0,1,0,0,0,0,0,0,0,0,0,0,0,0,0,0,0,0,0,0,0,0,0,1,0,0,0,11.13877,-.3302345,0,-.1406031,-.2502499,6,0,19
1986,100571,0,0,0,0,0,0,1,0,0,0,0,0,0,0,0,0,0,0,0,0,0,0,0,0,0,0,0,1,0,0,0,11.51862,.3798494,0,-.3302345,-.1406031,7,0,19
1987,50113,0,0,0,0,0,0,0,1,0,0,0,0,0,0,0,0,0,0,0,0,0,0,0,0,0,0,0,1,0,0,0,10.82204,-.6965837,0,.3798494,-.3302345,8,0,19
1988,25378,0,0,0,0,0,0,0,0,1,0,0,0,0,0,0,0,0,0,0,0,0,0,0,0,0,0,0,1,0,0,0,10.14164,-.680398,0,-.6965837,.3798494,9,0,19
1980,80938,0,0,0,0,0,0,0,0,0,0,0,0,0,0,0,0,0,0,0,0,0,0,0,0,0,0,0,0,1,0,0,11.30144,,,,,1,0,20
1981,57151,0,1,0,0,0,0,0,0,0,0,0,0,0,0,0,0,0,0,0,0,0,0,0,0,0,0,0,0,1,0,0,10.95345,-.3479862,0,,,2,0,20
1982,86658,0,0,1,0,0,0,0,0,0,0,0,0,0,0,0,0,0,0,0,0,0,0,0,0,0,0,0,0,1,0,0,11.36972,.4162722,0,-.3479862,,3,0,20
1983,61894,0,0,0,1,0,0,0,0,0,0,0,0,0,0,0,0,0,0,0,0,0,0,0,0,0,0,0,0,1,0,0,11.03318,-.3365459,0,.4162722,-.3479862,4,0,20
1984,43845,1,0,0,0,1,0,0,0,0,0,0,0,0,0,0,0,0,0,0,0,0,0,0,0,0,0,0,0,1,0,0,10.68842,-.3447628,1,-.3365459,.4162722,5,5,20
1985,42177,1,0,0,0,0,1,0,0,0,0,0,0,0,0,0,0,0,0,0,0,0,0,0,0,0,0,0,0,1,0,0,10.64963,-.038785,0,-.3447628,-.3365459,6,6,20
1986,43492,1,0,0,0,0,0,1,0,0,0,0,0,0,0,0,0,0,0,0,0,0,0,0,0,0,0,0,0,1,0,0,10.68033,.0307016,0,-.038785,-.3447628,7,7,20
1987,29056,1,0,0,0,0,0,0,1,0,0,0,0,0,0,0,0,0,0,0,0,0,0,0,0,0,0,0,0,1,0,0,10.27698,-.4033518,0,.0307016,-.038785,8,8,20
1988,25265,1,0,0,0,0,0,0,0,1,0,0,0,0,0,0,0,0,0,0,0,0,0,0,0,0,0,0,0,1,0,0,10.13718,-.1398048,0,-.4033518,.0307016,9,9,20
1980,211992,0,0,0,0,0,0,0,0,0,0,0,0,0,0,0,0,0,0,0,0,0,0,0,0,0,0,0,0,0,1,0,12.2643,,,,,1,0,21
1981,140147,0,1,0,0,0,0,0,0,0,0,0,0,0,0,0,0,0,0,0,0,0,0,0,0,0,0,0,0,0,1,0,11.85045,-.4138575,0,,,2,0,21
1982,184445,0,0,1,0,0,0,0,0,0,0,0,0,0,0,0,0,0,0,0,0,0,0,0,0,0,0,0,0,0,1,0,12.12511,.2746601,0,-.4138575,,3,0,21
1983,133003,0,0,0,1,0,0,0,0,0,0,0,0,0,0,0,0,0,0,0,0,0,0,0,0,0,0,0,0,0,1,0,11.79813,-.3269796,0,.2746601,-.4138575,4,0,21
1984,93236,1,0,0,0,1,0,0,0,0,0,0,0,0,0,0,0,0,0,0,0,0,0,0,0,0,0,0,0,0,1,0,11.44289,-.355238,1,-.3269796,.2746601,5,5,21
1985,98053,1,0,0,0,0,1,0,0,0,0,0,0,0,0,0,0,0,0,0,0,0,0,0,0,0,0,0,0,0,1,0,11.49326,.050374,0,-.355238,-.3269796,6,6,21
1986,84704,1,0,0,0,0,0,1,0,0,0,0,0,0,0,0,0,0,0,0,0,0,0,0,0,0,0,0,0,0,1,0,11.34692,-.1463451,0,.050374,-.355238,7,7,21
1987,63663,1,0,0,0,0,0,0,1,0,0,0,0,0,0,0,0,0,0,0,0,0,0,0,0,0,0,0,0,0,1,0,11.06136,-.2855597,0,-.1463451,.050374,8,8,21
1988,59090,1,0,0,0,0,0,0,0,1,0,0,0,0,0,0,0,0,0,0,0,0,0,0,0,0,0,0,0,0,1,0,10.98682,-.0745411,0,-.2855597,-.1463451,9,9,21
1980,112330,0,0,0,0,0,0,0,0,0,0,0,0,0,0,0,0,0,0,0,0,0,0,0,0,0,0,0,0,0,0,1,11.6292,,,,,1,0,22
1981,104073,0,1,0,0,0,0,0,0,0,0,0,0,0,0,0,0,0,0,0,0,0,0,0,0,0,0,0,0,0,0,1,11.55285,-.0763483,0,,,2,0,22
1982,146544,0,0,1,0,0,0,0,0,0,0,0,0,0,0,0,0,0,0,0,0,0,0,0,0,0,0,0,0,0,0,1,11.89508,.3422327,0,-.0763483,,3,0,22
1983,139328,0,0,0,1,0,0,0,0,0,0,0,0,0,0,0,0,0,0,0,0,0,0,0,0,0,0,0,0,0,0,1,11.84459,-.0504942,0,.3422327,-.0763483,4,0,22
1984,80605,0,0,0,0,1,0,0,0,0,0,0,0,0,0,0,0,0,0,0,0,0,0,0,0,0,0,0,0,0,0,1,11.29732,-.5472708,0,-.0504942,.3422327,5,0,22
1985,82758,0,0,0,0,0,1,0,0,0,0,0,0,0,0,0,0,0,0,0,0,0,0,0,0,0,0,0,0,0,0,1,11.32368,.0263605,0,-.5472708,-.0504942,6,0,22
1986,67815,0,0,0,0,0,0,1,0,0,0,0,0,0,0,0,0,0,0,0,0,0,0,0,0,0,0,0,0,0,0,1,11.12454,-.1991377,0,.0263605,-.5472708,7,0,22
1987,67762,0,0,0,0,0,0,0,1,0,0,0,0,0,0,0,0,0,0,0,0,0,0,0,0,0,0,0,0,0,0,1,11.12376,-.000782,0,-.1991377,.0263605,8,0,22
1988,56837,0,0,0,0,0,0,0,0,1,0,0,0,0,0,0,0,0,0,0,0,0,0,0,0,0,0,0,0,0,0,1,10.94794,-.1758137,0,-.000782,-.1991377,9,0,22
