term,sat,tothrs,cumgpa,major,season,frstsem,crsgpa,crspop,verbmath,trmgpa,hssize,race,hsrank,sport,id,spring,female,black,white,ctrmgpa,ctothrs,ccrsgpa,ccrspop,cseason,hsperc
8808,920,31,2.25,505,0,0,2.6464,1006.5,.48387,1.5,10,1,4,"tennis",22,0,1,0,0,,,,,,40
8901,920,43,2.04,505,1,0,2.5077,944.25,.48387,2.25,10,1,4,"tennis",22,1,1,0,0,.75,12,-.1387,-62.25,1,40
8808,780,28,2.03,601,0,0,2.8679,920,.81395,2.2,123,6,102,"baseball",35,0,0,0,1,,,,,,82.92683
8901,780,43,2.09,531,1,0,2.8839,846.75,.81395,1.6,123,6,102,"baseball",35,1,0,0,1,-.6,15,.016,-73.25,1,82.92683
8808,810,0,0,601,0,1,2.7634,1098.17,.88372,1.6,119,6,42,"baseball",36,0,0,0,1,,,,,,35.29412
8901,810,14,1.78,601,1,0,2.56,1170.5,.88372,1.29,119,6,42,"baseball",36,1,0,0,1,-.3100001,14,-.2034001,72.32996,1,35.29412
8808,1080,0,0,402,1,1,2.5149,1516,.8,2,318,6,31,"soccer",156,0,0,0,1,,,,,,9.748427
8901,1080,17,2,402,0,0,2.4764,1195.8,.8,2.73,318,6,31,"soccer",156,1,0,0,1,.73,17,-.0385001,-320.2,-1,9.748427
8808,960,91,2.35,531,1,0,2.8535,363.6,1,2.8,383,6,66,"wrestlin",246,0,0,0,1,,,,,,17.23238
8901,960,106,2.41,531,0,0,2.7414,270.8,1,2.6,383,6,66,"wrestlin",246,1,0,0,1,-.2,15,-.1120999,-92.80002,-1,17.23238
8808,790,0,0,350,1,1,2.4137,1398,1.13514,1.29,44,2,27,"soccer",264,0,0,1,0,,,,,,61.36364
8901,790,12,1.16,350,0,0,2.5918,736.83,1.13514,.25,44,2,27,"soccer",264,1,0,1,0,-1.04,12,.1780999,-661.17,-1,61.36364
8808,820,25,2.12,331,1,0,2.6297,1284.6,.78261,1.5,344,2,36,"bball",326,0,1,1,0,,,,,,10.46512
8901,820,41,1.87,331,1,0,2.9289,504,.78261,2,344,2,36,"bball",326,1,1,1,0,.5,16,.2992001,-780.6,0,10.46512
8808,820,30,1.93,531,1,0,2.6114,1009,.90698,2.5,228,6,155,"soccer",410,0,0,0,1,,,,,,67.98245
8901,820,42,2.09,531,0,0,2.7092,686,.90698,1.6,228,6,155,"soccer",410,1,0,0,1,-.9,12,.0978,-323,-1,67.98245
8808,1040,0,0,531,1,1,2.3983,1261.17,.92593,2.18,91,6,8,"swim",412,0,0,0,1,,,,,,8.791209
8901,1040,17,2.17,531,1,0,2.5643,1147.67,.92593,2.13,91,6,8,"swim",412,1,0,0,1,-.05,17,.1660001,-113.5,0,8.791209
8808,730,34,1.97,531,1,0,2.7986,1126,.78049,1.75,482,2,273,"football",428,0,0,1,0,,,,,,56.639
8901,730,50,1.9,531,0,0,2.8696,1140.5,.78049,2.5,482,2,273,"football",428,1,0,1,0,.75,16,.0710001,14.5,-1,56.639
8808,780,59,2.38,520,1,0,2.8955,972,.69565,2.5,78,6,17,"football",452,0,0,0,1,,,,,,21.79487
8901,780,71,2.4,520,0,0,2.7555,754.67,.69565,2.33,78,6,17,"football",452,1,0,0,1,-.1700001,12,-.1399999,-217.33,-1,21.79487
8808,830,62,2.01,538,1,0,2.942,920.25,1.02439,1.75,196,2,54,"bball",477,0,0,1,0,,,,,,27.55102
8901,830,74,1.97,538,1,0,2.6398,380,1.02439,1.4,196,2,54,"bball",477,1,0,1,0,-.35,12,-.3021998,-540.25,0,27.55102
8808,710,120,2.02,675,1,0,2.6198,305.75,1.08824,.5,300,2,226,"football",509,0,0,1,0,,,,,,75.33334
8901,710,132,1.88,675,0,0,3.0175,192,1.08824,1.08,300,2,226,"football",509,1,0,1,0,.58,12,.3976998,-113.75,-1,75.33334
8808,980,35,2.08,375,1,0,2.4058,982,.92157,1.75,152,2,45,"football",513,0,0,1,0,,,,,,29.60526
8901,980,47,2,375,0,0,2.8379,883,.92157,2.11,152,2,45,"football",513,1,0,1,0,.3599999,12,.4320998,-99,-1,29.60526
8808,740,93,2,538,1,0,2.425,483.75,.89744,1.25,312,2,161,"football",528,0,0,1,0,,,,,,51.60257
8901,740,105,1.91,538,0,0,2.8806,134,.89744,1.5,312,2,161,"football",528,1,0,1,0,.25,12,.4556,-349.75,-1,51.60257
8808,1180,93,3.03,517,1,0,2.9097,294.5,.87302,2.75,637,6,255,"swim",552,0,0,0,1,,,,,,40.0314
8901,1180,105,3,517,1,0,2.5798,188,.87302,3,637,6,255,"swim",552,1,0,0,1,.25,12,-.3299,-106.5,0,40.0314
8808,700,26,2.34,319,1,0,3.1249,843,1,2.5,32,6,22,"bball",628,0,0,0,1,,,,,,68.75
8901,700,38,2.39,319,1,0,2.9418,805,1,1.6,32,6,22,"bball",628,1,0,0,1,-.9,12,-.1831,-38,0,68.75
8808,520,72,1.58,960,1,0,2.8346,194.75,1,2.25,462,6,358,"football",648,0,0,0,1,,,,,,77.48917
8901,520,84,1.67,960,0,0,3.2181,502.8,1,2,462,6,358,"football",648,1,0,0,1,-.25,12,.3835001,308.05,-1,77.48917
8808,720,39,1.76,505,1,0,2.5976,1339.75,.84615,1.25,283,2,76,"football",657,0,0,1,0,,,,,,26.85512
8901,720,51,1.64,531,0,0,2.8963,1350.2,.84615,1.6,283,2,76,"football",657,1,0,1,0,.35,12,.2987001,10.44995,-1,26.85512
8808,940,0,0,660,1,1,2.6809,812.67,.77358,2.63,194,6,85,"vball",684,0,1,0,1,,,,,,43.81443
8901,940,17,2.58,660,0,0,2.7455,1150.33,.77358,2.63,194,6,85,"vball",684,1,1,0,1,0,17,.0646,337.66,-1,43.81443
8808,960,0,0,517,1,1,2.9238,1154.43,.77778,2.06,447,2,320,"football",686,0,0,1,0,,,,,,71.58836
8901,960,15,2.33,517,0,0,2.5197,1723.67,.77778,1.33,447,2,320,"football",686,1,0,1,0,-.7299999,15,-.4040999,569.24,-1,71.58836
8808,870,27,2.03,531,1,0,2.8428,664,.85106,2.08,371,6,259,"swim",692,0,0,0,1,,,,,,69.81132
8901,870,40,2.05,531,1,0,2.8471,721.33,.85106,1.29,371,6,259,"swim",692,1,0,0,1,-.79,13,.0043001,57.33002,0,69.81132
8808,890,25,2.44,960,1,0,2.6289,527.5,.78,2.5,124,6,50,"soccer",697,0,0,0,1,,,,,,40.32258
8901,890,37,2.45,960,0,0,2.9548,635.75,.78,3,124,6,50,"soccer",697,1,0,0,1,.5,12,.3258998,108.25,-1,40.32258
8808,840,85,2.07,531,0,0,2.7164,567.8,1,2,116,6,16,"baseball",706,0,0,0,1,,,,,,13.7931
8901,840,100,2.06,531,1,0,2.6447,352.57,1,2.29,116,6,16,"baseball",706,1,0,0,1,.29,15,-.0716999,-215.23,1,13.7931
8808,810,30,2.7,601,1,0,2.5105,1061,1.07692,2.5,227,6,56,"vball",744,0,1,0,1,,,,,,24.6696
8901,810,42,2.64,347,0,0,3.2227,633.6,1.07692,2.85,227,6,56,"vball",744,1,1,0,1,.3499999,12,.7122002,-427.4,-1,24.6696
8808,820,31,2.22,640,1,0,2.7978,519.33,1.10256,2.33,571,5,344,"soccer",759,0,0,0,0,,,,,,60.24518
8901,820,40,2.25,640,0,0,2.8461,966.4,1.10256,3,571,5,344,"soccer",759,1,0,0,0,.6700001,9,.0483,447.07,-1,60.24518
8808,970,23,2.86,531,0,0,2.5771,1019.6,.67241,1.75,566,6,83,"baseball",771,0,0,0,1,,,,,,14.66431
8901,970,39,2.41,531,1,0,2.8763,1112.75,.67241,2,566,6,83,"baseball",771,1,0,0,1,.25,16,.2992001,93.15002,1,14.66431
8808,790,0,0,635,1,1,2.7025,1384.17,1.07895,2.82,597,6,72,"football",792,0,0,0,1,,,,,,12.0603
8901,790,17,2.82,635,0,0,2.6371,1022.25,1.07895,1.75,597,6,72,"football",792,1,0,0,1,-1.07,17,-.0654001,-361.92,-1,12.0603
8808,800,0,0,310,1,1,2.6648,1246.4,.81818,2.13,310,6,95,"bball",798,0,1,0,1,,,,,,30.64516
8901,800,13,2.15,310,1,0,2.7442,1057,.81818,2.64,310,6,95,"bball",798,1,1,0,1,.51,13,.0794001,-189.4,0,30.64516
8808,680,33,2.93,538,1,0,2.8994,1169.17,.74359,2.56,328,6,122,"bball",806,0,1,0,1,,,,,,37.19512
8901,680,49,2.81,538,1,0,2.4809,901.75,.74359,2,328,6,122,"bball",806,1,1,0,1,-.5599999,16,-.4184999,-267.42,0,37.19512
8808,850,0,0,353,1,1,2.8328,1187.5,.80851,2.71,73,6,5,"bball",809,0,1,0,1,,,,,,6.849315
8901,850,15,2.66,353,1,0,2.7226,1221.2,.80851,3.07,73,6,5,"bball",809,1,1,0,1,.3599999,15,-.1101999,33.69995,0,6.849315
8808,820,80,2.27,531,0,0,2.8979,504,.70833,2.2,131,6,98,"golf",823,0,0,0,1,,,,,,74.80916
8901,820,95,2.26,531,1,0,2.9492,283.8,.70833,2,131,6,98,"golf",823,1,0,0,1,-.2,15,.0512998,-220.2,1,74.80916
8808,1120,0,0,531,1,1,2.1683,1592.33,.67164,2.33,488,6,20,"swim",828,0,0,0,1,,,,,,4.098361
8901,1120,12,2.33,531,1,0,2.5011,1562,.67164,2.25,488,6,20,"swim",828,1,0,0,1,-.0799999,12,.3328001,-30.32996,0,4.098361
8808,450,1,4,317,1,0,2.9188,641.67,.8,1.43,118,2,46,"football",831,0,0,1,0,,,,,,38.98305
8901,450,13,1.69,317,0,0,2.7077,590.2,.8,1.79,118,2,46,"football",831,1,0,1,0,.36,12,-.2111001,-51.46997,-1,38.98305
8808,880,26,2.34,665,1,0,3.172,462,1.09524,2.41,407,6,70,"track",836,0,1,0,1,,,,,,17.19902
8901,880,43,2.37,665,1,0,2.7853,393.5,1.09524,2.5,407,6,70,"track",836,1,1,0,1,.0899999,17,-.3866999,-68.5,0,17.19902
8808,1010,28,1.5,314,1,0,2.8047,825.75,1.14894,1.27,106,6,55,"wrestlin",863,0,0,0,1,,,,,,51.88679
8901,1010,42,1.33,314,0,0,2.6747,1075,1.14894,2.5,106,6,55,"wrestlin",863,1,0,0,1,1.23,14,-.1299999,249.25,-1,51.88679
8808,920,0,0,601,0,1,2.3373,1082.25,1.04444,1.86,149,6,91,"baseball",872,0,0,0,1,,,,,,61.07383
8901,920,12,1.66,601,1,0,2.7925,1308.4,1.04444,2.85,149,6,91,"baseball",872,1,0,0,1,.9899999,12,.4552,226.15,1,61.07383
8808,830,70,1.91,314,1,0,2.9047,705.5,.84444,2.8,200,2,84,"bball",889,0,0,1,0,,,,,,42
8901,830,83,1.95,314,1,0,3.0733,361.5,.84444,1.6,200,2,84,"bball",889,1,0,1,0,-1.2,13,.1685998,-344,0,42
8808,590,37,2.18,960,1,0,2.5413,1103,.68571,.5,480,2,337,"football",910,0,0,1,0,,,,,,70.20834
8901,590,49,1.77,317,0,0,2.683,928.5,.68571,1.75,480,2,337,"football",910,1,0,1,0,1.25,12,.1417,-174.5,-1,70.20834
8808,500,0,0,960,1,1,2.865,732.83,1.27273,1.21,457,6,329,"bball",911,0,0,0,1,,,,,,71.99125
8901,500,14,1.21,960,1,0,2.8875,727.67,1.27273,1.62,457,6,329,"bball",911,1,0,0,1,.41,14,.0225,-5.160034,0,71.99125
8808,1050,57,2.61,531,1,0,2.6249,752.33,1.05882,2.81,160,6,98,"soccer",916,0,0,0,1,,,,,,61.25
8901,1050,73,2.69,531,0,0,3.0854,274.4,1.05882,3.36,160,6,98,"soccer",916,1,0,0,1,.55,16,.4605,-477.93,-1,61.25
8808,570,67,1.86,531,1,0,2.7455,948.75,.96552,1,324,2,187,"football",942,0,0,1,0,,,,,,57.71605
8901,570,79,1.73,531,0,0,2.6283,1377.75,.96552,.75,324,2,187,"football",942,1,0,1,0,-.25,12,-.1172001,429,-1,57.71605
8808,970,64,3.18,517,1,0,2.6096,510,.76364,3.4,5,6,1,"swim",1077,0,1,0,1,,,,,,20
8901,970,79,3.22,517,1,0,2.6845,320.17,.76364,3.17,5,6,1,"swim",1077,1,1,0,1,-.23,15,.0748999,-189.83,0,20
8808,650,40,2.25,960,1,0,2.6315,1128.5,.80556,2,206,6,57,"football",1094,0,0,0,1,,,,,,27.6699
8901,650,52,2.19,960,0,0,2.8364,625.75,.80556,2.25,206,6,57,"football",1094,1,0,0,1,.25,12,.2049,-502.75,-1,27.6699
8808,1140,56,2.67,353,1,0,2.7851,452,.58333,2.4,241,6,24,"soccer",1128,0,0,0,1,,,,,,9.958507
8901,1140,71,2.61,353,0,0,2.8528,371.6,.58333,2.38,241,6,24,"soccer",1128,1,0,0,1,-.02,15,.0676999,-80.39999,-1,9.958507
8808,1180,69,2.98,216,1,0,2.922,376.2,1.18519,3.47,469,6,36,"soccer",1141,0,0,0,1,,,,,,7.675906
8901,1180,87,3.09,216,0,0,2.9457,182.2,1.18519,3.12,469,6,36,"soccer",1141,1,0,0,1,-.3500001,18,.0237,-194,-1,7.675906
8808,770,16,1.87,601,1,0,2.8987,338.33,.83333,2,486,6,397,"wrestlin",1157,0,0,0,1,,,,,,81.68724
8901,770,25,1.92,601,0,0,3.0706,212.33,.83333,2,486,6,397,"wrestlin",1157,1,0,0,1,0,9,.1719,-126,-1,81.68724
8808,960,0,0,538,1,1,2.5202,1266.33,.88235,3.47,430,6,65,"swim",1185,0,1,0,1,,,,,,15.11628
8901,960,16,3.56,538,1,0,2.6987,1475.83,.88235,3.81,430,6,65,"swim",1185,1,1,0,1,.3399999,16,.1784999,209.5,0,15.11628
8808,720,0,0,960,0,1,2.6784,934.5,.94595,2,430,4,230,"tennis",1187,0,1,0,0,,,,,,53.48837
8901,720,16,1.93,960,1,0,2.7374,1030,.94595,2.23,430,4,230,"tennis",1187,1,1,0,0,.23,16,.059,95.5,1,53.48837
8808,750,0,0,960,0,1,2.9692,694.83,1.08333,1.92,341,6,270,"baseball",1204,0,0,0,1,,,,,,79.17889
8901,750,12,1.91,960,1,0,2.7092,1147,1.08333,2,341,6,270,"baseball",1204,1,0,0,1,.08,12,-.26,452.17,1,79.17889
8808,960,32,2.9,538,1,0,2.7892,992.8,.88235,3.31,10,6,3,"swim",1277,0,1,0,1,,,,,,30
8901,960,45,3.02,538,1,0,3.0455,452.2,.88235,3.77,10,6,3,"swim",1277,1,1,0,1,.46,13,.2563,-540.6,0,30
8808,970,67,2.04,420,1,0,2.6975,727.5,.73214,2,10,6,3,"football",1315,0,0,0,1,,,,,,30
8901,970,79,2.03,420,0,0,2.7022,638.83,.73214,2.29,10,6,3,"football",1315,1,0,0,1,.29,12,.0046999,-88.66998,-1,30
8808,1070,62,2.12,445,1,0,2.9436,441.5,.78333,1.85,288,6,65,"football",1390,0,0,0,1,,,,,,22.56944
8901,1070,74,2.06,445,0,0,2.9238,168.25,.78333,2,288,6,65,"football",1390,1,0,0,1,.15,12,-.0197999,-273.25,-1,22.56944
8808,940,32,2.65,635,0,0,2.8248,472.5,.70909,2.33,251,6,45,"baseball",1485,0,0,0,1,,,,,,17.92829
8901,940,50,2.54,635,1,0,2.8651,512.83,.70909,2.13,251,6,45,"baseball",1485,1,0,0,1,-.1999998,18,.0402999,40.33002,1,17.92829
8808,1100,59,2.64,635,1,0,2.8895,145.75,.80328,2.5,306,6,99,"wrestlin",1640,0,0,0,1,,,,,,32.35294
8901,1100,71,2.61,635,0,0,2.7331,93.6,.80328,2.08,306,6,99,"wrestlin",1640,1,0,0,1,-.4200001,12,-.1564,-52.15,-1,32.35294
8808,1110,52,2.05,804,1,0,2.745,333.6,.94737,2.15,216,6,125,"swim",1736,0,0,0,1,,,,,,57.87037
8901,1110,65,2.07,804,1,0,2.78,291.25,.94737,2.69,216,6,125,"swim",1736,1,0,0,1,.54,13,.0350001,-42.35001,0,57.87037
8808,860,78,1.94,531,1,0,3.1855,454.4,.45763,3.14,274,6,110,"swim",1750,0,0,0,1,,,,,,40.14598
8901,860,92,2.13,531,1,0,2.692,399.25,.45763,2.75,274,6,110,"swim",1750,1,0,0,1,-.3900001,14,-.4935,-55.14999,0,40.14598
8808,1110,29,3.86,665,1,0,3.0331,532.2,.91379,3.63,48,6,20,"swim",1863,0,1,0,1,,,,,,41.66667
8901,1110,45,3.77,665,1,0,2.6594,78.75,.91379,3.69,48,6,20,"swim",1863,1,1,0,1,.0599999,16,-.3736999,-453.45,0,41.66667
8808,850,87,2.01,960,1,0,3.2487,221.67,1.02381,1.94,244,6,146,"vball",1903,0,1,0,1,,,,,,59.83607
8901,850,103,2,960,0,0,3.1378,30.8,1.02381,2.6,244,6,146,"vball",1903,1,1,0,1,.6599998,16,-.1108999,-190.87,-1,59.83607
8808,750,0,0,314,1,1,2.4407,1183,1.08333,1.27,48,6,26,"swim",1984,0,1,0,1,,,,,,54.16667
8901,750,12,1.41,960,1,0,3.0332,1118.5,1.08333,2.75,48,6,26,"swim",1984,1,1,0,1,1.48,12,.5925,-64.5,0,54.16667
8808,840,0,0,601,1,1,2.5065,1021.67,.78723,2,48,6,32,"swim",1986,0,1,0,1,,,,,,66.66666
8901,840,16,2.12,601,1,0,2.8851,917.2,.78723,2.31,48,6,32,"swim",1986,1,1,0,1,.3099999,16,.3785999,-104.47,0,66.66666
8808,1050,0,0,531,1,1,2.3848,1138.6,.75,1.8,620,6,266,"swim",2001,0,0,0,1,,,,,,42.90322
8901,1050,15,1.8,531,1,0,2.539,1132.2,.75,1.23,620,6,266,"swim",2001,1,0,0,1,-.5699999,15,.1542001,-6.400024,0,42.90322
8808,890,29,2.17,601,1,0,2.8267,543.33,.85417,2.5,550,6,114,"swim",2014,0,1,0,1,,,,,,20.72727
8901,890,43,2.27,640,1,0,2.9847,693.8,.85417,2.62,550,6,114,"swim",2014,1,1,0,1,.1199999,14,.158,150.47,0,20.72727
8808,890,63,1.93,675,1,0,2.9497,337.5,1.225,2.25,768,6,451,"swim",2046,0,1,0,1,,,,,,58.72396
8901,890,75,1.98,675,1,0,2.9981,276.8,1.225,2.94,768,6,451,"swim",2046,1,1,0,1,.6900001,12,.0483999,-60.70001,0,58.72396
8808,830,26,1.65,960,1,0,2.4387,551,.93023,1.71,161,6,147,"soccer",2101,0,0,0,1,,,,,,91.30434
8901,830,40,1.67,960,0,0,2.8498,218,.93023,2.71,161,6,147,"soccer",2101,1,0,0,1,1,14,.4111001,-333,-1,91.30434
8808,850,0,0,517,1,1,2.7077,1245,1.02381,2.4,179,6,153,"soccer",2103,0,0,0,1,,,,,,85.47486
8901,850,11,1.81,640,0,0,2.8881,758.25,1.02381,1.73,179,6,153,"soccer",2103,1,0,0,1,-.6700001,11,.1803999,-486.75,-1,85.47486
8808,770,0,0,999,1,1,2.7444,1328.83,.87805,2.31,620,6,461,"football",2107,0,0,0,1,,,,,,74.35484
8901,770,15,2.46,999,0,0,2.928,1074.4,.87805,2.31,620,6,461,"football",2107,1,0,0,1,0,15,.1835999,-254.4299,-1,74.35484
8808,910,39,2.43,538,1,0,2.9027,738.2,.89583,2.54,386,2,190,"football",2333,0,0,1,0,,,,,,49.2228
8901,910,52,2.46,538,0,0,2.461,698.75,.89583,2.25,386,2,190,"football",2333,1,0,1,0,-.29,13,-.4417,-39.45001,-1,49.2228
8808,910,0,0,402,1,1,2.7736,962.83,.82,.43,563,6,328,"swim",2395,0,0,0,1,,,,,,58.25933
8901,910,15,.6,601,1,0,2.4197,1218,.82,1.57,563,6,328,"swim",2395,1,0,0,1,1.14,15,-.3539002,255.17,0,58.25933
8808,1110,30,2.66,665,1,0,2.7469,389.8,.79032,2.69,4,6,2,"swim",2470,0,1,0,1,,,,,,50
8901,1110,46,2.67,665,1,0,2.7751,377.6,.79032,3,4,6,2,"swim",2470,1,1,0,1,.3099999,16,.0281999,-12.19998,0,50
8808,1090,84,2.41,675,1,0,2.8599,146.6,.84746,2.2,320,6,55,"vball",2487,0,1,0,1,,,,,,17.1875
8901,1090,99,2.38,675,0,0,2.9807,125.4,.84746,2.8,320,6,55,"vball",2487,1,1,0,1,.5999999,15,.1208,-21.2,-1,17.1875
8808,1170,55,3.27,334,0,0,2.6994,729,.74627,3.33,470,6,127,"baseball",2532,0,0,0,1,,,,,,27.02128
8901,1170,73,3.28,334,1,0,2.7627,417.5,.74627,3.33,470,6,127,"baseball",2532,1,0,0,1,0,18,.0633001,-311.5,1,27.02128
8808,760,28,2.75,660,1,0,2.9844,736.8,.94872,3.44,670,5,71,"soccer",2583,0,0,0,0,,,,,,10.59702
8901,760,44,3,660,0,0,2.7734,838,.94872,3.2,670,5,71,"soccer",2583,1,0,0,0,-.24,16,-.211,101.2,-1,10.59702
8808,780,0,0,601,1,1,2.7576,1282.83,.90244,2.88,654,5,81,"vball",2586,0,1,0,0,,,,,,12.38532
8901,780,14,2.85,308,0,0,2.8991,994.83,.90244,2.64,654,5,81,"vball",2586,1,1,0,0,-.24,14,.1415,-287.9999,-1,12.38532
8808,670,111,2.01,344,1,0,2.6453,551.5,.81081,1.5,277,2,61,"football",2736,0,0,1,0,,,,,,22.02166
8901,670,123,1.96,344,0,0,2.5111,1161,.81081,0,277,2,61,"football",2736,1,0,1,0,-1.5,12,-.1341999,609.5,-1,22.02166
8808,870,55,2.21,531,1,0,2.8318,513.25,.8913,2.25,462,6,236,"wrestlin",2765,0,0,0,1,,,,,,51.08225
8901,870,67,2.22,531,0,0,2.7351,689,.8913,1.75,462,6,236,"wrestlin",2765,1,0,0,1,-.5,12,-.0967,175.75,-1,51.08225
8808,850,52,1.98,531,1,0,2.6799,955,.77083,1.33,401,6,45,"football",2902,0,0,0,1,,,,,,11.22194
8901,850,61,1.88,531,0,0,2.7762,763.2,.77083,1.64,401,6,45,"football",2902,1,0,0,1,.3099999,9,.0963001,-191.8,-1,11.22194
8808,790,57,1.94,660,0,0,2.6514,660.6,.68085,1.57,403,6,193,"tennis",2931,0,0,0,1,,,,,,47.89082
8901,790,71,1.87,660,1,0,3.0024,313,.68085,2.75,403,6,193,"tennis",2931,1,0,0,1,1.18,14,.3509998,-347.6,1,47.89082
8808,1180,69,1.62,517,1,0,2.7128,792,.87302,3,321,6,167,"football",3047,0,0,0,1,,,,,,52.02492
8901,1180,81,1.82,517,0,0,2.4061,705.2,.87302,2,321,6,167,"football",3047,1,0,0,1,-1,12,-.3067,-86.79999,-1,52.02492
8808,940,65,2.41,531,1,0,3.1423,677,.64912,2.5,375,6,87,"football",3177,0,0,0,1,,,,,,23.2
8901,940,77,2.42,531,0,0,3.0954,451.33,.64912,2.38,375,6,87,"football",3177,1,0,0,1,-.1199999,12,-.0468998,-225.67,-1,23.2
8808,850,0,0,960,0,1,2.6787,1150.17,.80851,1.6,448,6,207,"tennis",3181,0,1,0,1,,,,,,46.20536
8901,850,14,1.57,960,1,0,2.7989,989,.80851,2.23,448,6,207,"tennis",3181,1,1,0,1,.63,14,.1201999,-161.17,1,46.20536
8808,540,80,1.93,317,1,0,2.7371,468.75,.58824,1.75,577,2,402,"football",3249,0,0,1,0,,,,,,69.67071
8901,540,92,1.91,317,0,0,2.559,908.75,.58824,.75,577,2,402,"football",3249,1,0,1,0,-1,12,-.1780999,440,-1,69.67071
8808,930,28,3.32,960,1,0,2.7199,690.6,1.02174,3.8,604,6,27,"swim",3321,0,1,0,1,,,,,,4.470199
8901,930,43,3.48,960,1,0,2.9337,706.4,1.02174,3,604,6,27,"swim",3321,1,1,0,1,-.8,15,.2138002,15.80005,0,4.470199
8808,810,30,2.16,665,1,0,2.7084,385.25,1.025,2.79,520,6,214,"swim",3438,0,0,0,1,,,,,,41.15385
8901,810,44,2.36,665,1,0,2.793,819.2,1.025,2.81,520,6,214,"swim",3438,1,0,0,1,.02,14,.0846,433.95,0,41.15385
8808,1130,77,3.9,505,1,0,2.733,218.4,.79365,4,450,6,1,"vball",3482,0,1,0,1,,,,,,.2222222
8901,1130,92,3.92,505,0,0,2.8489,88.17,.79365,3.63,450,6,1,"vball",3482,1,1,0,1,-.3699999,15,.1159,-130.23,-1,.2222222
8808,940,28,3.14,517,1,0,2.6767,1548.25,.46875,3.5,303,6,84,"swim",3665,0,0,0,1,,,,,,27.72277
8901,940,40,3.25,517,1,0,3.1241,719.4,.46875,3.08,303,6,84,"swim",3665,1,0,0,1,-.4200001,12,.4473999,-828.85,0,27.72277
8808,1010,80,2.36,538,0,0,2.638,575,.94231,3,457,6,123,"baseball",3718,0,0,0,1,,,,,,26.91466
8901,1010,95,2.46,538,1,0,2.9054,469.6,.94231,3.4,457,6,123,"baseball",3718,1,0,0,1,.4000001,15,.2674,-105.4,1,26.91466
8808,930,38,2.07,675,1,0,2.6668,770.75,1.02174,1.25,288,6,197,"football",3728,0,0,0,1,,,,,,68.40278
8901,930,50,1.88,675,0,0,2.9916,975,1.02174,2.23,288,6,197,"football",3728,1,0,0,1,.98,12,.3248,204.25,-1,68.40278
8808,850,66,2.09,601,1,0,2.6588,146,.93182,2,537,6,234,"swim",3758,0,0,0,1,,,,,,43.57542
8901,850,78,2.07,601,1,0,2.8992,221.83,.93182,1.94,537,6,234,"swim",3758,1,0,0,1,-.0599999,12,.2404001,75.83,0,43.57542
8808,1160,83,3.49,314,1,0,2.9958,136.8,.93333,3.4,637,6,101,"swim",3809,0,1,0,1,,,,,,15.85557
8901,1160,98,3.47,314,1,0,3.0601,206.33,.93333,3.3,637,6,101,"swim",3809,1,1,0,1,-.1000001,15,.0643001,69.53,0,15.85557
8808,900,86,2.77,640,1,0,3.0089,84,.91489,3,637,6,76,"swim",3847,0,1,0,1,,,,,,11.93093
8901,900,101,2.81,640,1,0,3.0143,222.6,.91489,2.6,637,6,76,"swim",3847,1,1,0,1,-.4000001,15,.0054002,138.6,0,11.93093
8808,920,89,2.69,860,1,0,2.9401,169.8,.87755,2.08,637,6,163,"swim",3861,0,1,0,1,,,,,,25.5887
8901,920,102,2.61,860,1,0,3.0847,39.75,.87755,2.46,637,6,163,"swim",3861,1,1,0,1,.3800001,13,.1446002,-130.05,0,25.5887
8808,1020,0,0,520,1,1,2.3118,1128.75,.78947,1.43,330,6,160,"soccer",3920,0,0,0,1,,,,,,48.48485
8901,1020,12,1.16,520,0,0,2.8809,1355.75,.78947,.75,330,6,160,"soccer",3920,1,0,0,1,-.6799999,12,.5690999,227,-1,48.48485
8808,660,80,1.92,317,1,0,2.7976,783.5,.78378,1.5,251,3,130,"football",3964,0,0,0,0,,,,,,51.79283
8901,660,92,1.86,317,0,0,2.783,1083,.78378,.75,251,3,130,"football",3964,1,0,0,0,-.75,12,-.0146,299.5,-1,51.79283
8808,870,0,0,310,1,1,2.8846,1025.5,.77551,3.44,10,2,2,"track",4065,0,1,1,0,,,,,,20
8901,870,14,3.5,310,1,0,2.6483,1149.6,.77551,2.62,10,2,2,"track",4065,1,1,1,0,-.8200002,14,-.2363,124.1,0,20
8808,1100,35,3.05,531,1,0,2.8672,875.75,.86441,2.79,172,6,137,"football",4105,0,0,0,1,,,,,,79.65116
8901,1100,49,2.97,531,0,0,2.7198,1085.75,.86441,3.25,172,6,137,"football",4105,1,0,0,1,.46,14,-.1473999,210,-1,79.65116
8808,960,30,2.4,640,1,0,2.7009,1064.5,.68421,3,204,6,51,"soccer",4247,0,0,0,1,,,,,,25
8901,960,42,2.57,640,0,0,2.8026,790.83,.68421,2.17,204,6,51,"soccer",4247,1,0,0,1,-.8299999,12,.1016998,-273.67,-1,25
8808,540,100,2.2,317,1,0,2.6427,198,.92857,2,240,2,151,"football",4350,0,0,1,0,,,,,,62.91667
8901,540,112,2.17,317,0,0,2.5512,141.5,.92857,1.25,240,2,151,"football",4350,1,0,1,0,-.75,12,-.0915,-56.5,-1,62.91667
8808,700,0,0,510,1,1,2.9404,686.14,.79487,2.41,238,2,102,"football",4368,0,0,1,0,,,,,,42.85714
8901,700,15,2.6,510,0,0,2.7842,1177,.79487,1.92,238,2,102,"football",4368,1,0,1,0,-.4900001,15,-.1561999,490.86,-1,42.85714
8808,490,121,1.95,317,1,0,3.1275,540.6,.68966,2.38,92,2,50,"bball",4396,0,0,1,0,,,,,,54.34783
8901,490,134,1.99,317,1,0,2.3973,363.5,.68966,0,92,2,50,"bball",4396,1,0,1,0,-2.38,13,-.7302001,-177.1,0,54.34783
8808,750,62,2.58,531,1,0,2.8752,951.5,.97368,1.75,215,6,68,"football",4437,0,0,0,1,,,,,,31.62791
8901,750,74,2.44,531,0,0,2.9858,764.71,.97368,2.5,215,6,68,"football",4437,1,0,0,1,.75,12,.1106,-186.79,-1,31.62791
8808,980,0,0,531,1,1,2.3202,1333,.75,2,190,6,42,"football",4487,0,0,0,1,,,,,,22.10526
8901,980,14,2,960,0,0,2.7452,1650.25,.75,1.5,190,6,42,"football",4487,1,0,0,1,-.5,14,.425,317.25,-1,22.10526
8808,870,93,2.22,520,1,0,2.7147,468.4,.74,2.2,302,2,67,"football",4716,0,0,1,0,,,,,,22.18543
8901,870,108,2.22,520,0,0,2.8976,207.83,.74,2.67,302,2,67,"football",4716,1,0,1,0,.47,15,.1829,-260.57,-1,22.18543
8808,680,94,2.03,520,1,0,2.8294,393.4,.61905,2.15,91,2,13,"bball",4835,0,1,1,0,,,,,,14.28571
8901,680,107,2.04,520,1,0,2.7972,542.5,.61905,2.63,91,2,13,"bball",4835,1,1,1,0,.48,13,-.0322001,149.1,0,14.28571
8808,1220,28,2.57,531,1,0,2.9452,908.8,.67123,3.14,10,5,3,"soccer",4867,0,0,0,0,,,,,,30
8901,1220,42,2.76,531,0,0,2.9947,399,.67123,3.15,10,5,3,"soccer",4867,1,0,0,0,.01,14,.0495,-509.8,-1,30
8808,1100,29,3.48,538,1,0,2.5385,1448.6,.77419,3.6,10,6,1,"swim",4929,0,1,0,1,,,,,,10
8901,1100,44,3.52,538,1,0,2.6642,868.67,.77419,3.38,10,6,1,"swim",4929,1,1,0,1,-.2199998,15,.1257,-579.93,0,10
8808,1100,61,2.21,517,1,0,2.8752,739.67,1.03704,3,10,6,6,"track",4950,0,0,0,1,,,,,,60
8901,1100,70,2.31,665,1,0,2.6508,299.33,1.03704,2.26,10,6,6,"track",4950,1,0,0,1,-.74,9,-.2244,-440.34,0,60
8808,730,35,2.65,531,1,0,2.825,1092,.58696,1,260,2,116,"bball",5136,0,0,1,0,,,,,,44.61538
8901,730,47,2.23,531,1,0,2.6135,903,.58696,1.69,260,2,116,"bball",5136,1,0,1,0,.6900001,12,-.2114999,-189,0,44.61538
8808,830,77,1.98,960,1,0,2.7061,463.5,.72917,1.5,457,6,279,"football",5170,0,0,0,1,,,,,,61.05033
8901,830,89,1.92,960,0,0,2.8816,214.2,.72917,1.14,457,6,279,"football",5170,1,0,0,1,-.36,12,.1754999,-249.3,-1,61.05033
8808,820,104,2.48,531,1,0,2.9294,335.8,.78261,2.38,98,6,16,"football",5289,0,0,0,1,,,,,,16.32653
8901,820,117,2.47,531,0,0,2.8284,330.25,.78261,2,98,6,16,"football",5289,1,0,0,1,-.3800001,13,-.1010001,-5.549988,-1,16.32653
8808,580,106,2.01,531,1,0,2.8368,687,.87097,2.4,534,2,89,"football",5319,0,0,1,0,,,,,,16.66667
8901,580,121,2.06,531,0,0,2.7393,571.67,.87097,1.44,534,2,89,"football",5319,1,0,1,0,-.96,15,-.0975001,-115.33,-1,16.66667
8808,740,0,0,960,0,1,2.6571,1183.33,1.05556,2,61,6,8,"baseball",5332,0,0,0,1,,,,,,13.11475
8901,740,14,2.07,960,1,0,3.0376,702.67,1.05556,2.5,61,6,8,"baseball",5332,1,0,0,1,.5,14,.3805001,-480.66,1,13.11475
8808,670,70,2.12,531,1,0,2.3893,926.67,.81081,.33,76,2,58,"football",5349,0,0,1,0,,,,,,76.31579
8901,670,82,1.89,531,0,0,2.8095,1193,.81081,1.33,76,2,58,"football",5349,1,0,1,0,1,12,.4201999,266.33,-1,76.31579
8808,720,39,2.3,319,1,0,2.686,902.5,.56522,2,10,8,7,"football",5397,0,0,0,0,,,,,,70
8901,720,51,2.23,319,0,0,3.2626,955.75,.56522,2.25,10,8,7,"football",5397,1,0,0,0,.25,12,.5765998,53.25,-1,70
8808,690,36,2.02,505,1,0,2.6767,1240.4,.91667,1,214,2,86,"football",5406,0,0,1,0,,,,,,40.18692
8901,690,51,1.72,505,0,0,2.5973,1641.25,.91667,2.25,214,2,86,"football",5406,1,0,1,0,1.25,15,-.0794001,400.85,-1,40.18692
8808,830,1,4,660,1,0,3.0017,1040.67,.93023,.93,10,2,5,"football",5429,0,0,1,0,,,,,,50
8901,830,13,1.3,531,0,0,2.6597,1448.4,.93023,1.2,10,2,5,"football",5429,1,0,1,0,.27,12,-.342,407.73,-1,50
8808,1020,31,1.87,565,1,0,2.7982,1312.5,.61905,2.31,697,6,463,"football",5542,0,0,0,1,,,,,,66.42754
8901,1020,44,2,565,0,0,3.1573,392.5,.61905,2.23,697,6,463,"football",5542,1,0,0,1,-.0799999,13,.3591001,-920,-1,66.42754
8808,1090,83,2.87,531,1,0,3.0226,432,.70313,2.75,472,6,67,"swim",5606,0,0,0,1,,,,,,14.19491
8901,1090,95,2.86,531,1,0,2.8417,418,.70313,2.75,472,6,67,"swim",5606,1,0,0,1,0,12,-.1808999,-14,0,14.19491
8808,750,39,1.71,960,1,0,3.0958,312.8,.66667,2.38,412,6,178,"football",5750,0,0,0,1,,,,,,43.20388
8901,750,52,1.88,531,0,0,2.8142,351.75,.66667,2.75,412,6,178,"football",5750,1,0,0,1,.3699999,13,-.2816,38.95001,-1,43.20388
8808,850,30,1.83,505,1,0,2.5155,1454.25,1.07317,1.25,405,6,117,"track",5803,0,0,0,1,,,,,,28.88889
8901,850,42,1.8,319,1,0,2.9539,1159.75,1.07317,2,405,6,117,"track",5803,1,0,0,1,.75,12,.4384,-294.5,0,28.88889
8808,970,70,1.95,314,1,0,2.9394,169,.86538,2.5,10,6,4,"soccer",5865,0,0,0,1,,,,,,40
8901,970,71,1.98,314,0,0,3.1459,42,.86538,2,10,6,4,"soccer",5865,1,0,0,1,-.5,1,.2065001,-127,-1,40
8808,1020,93,3.27,520,1,0,2.8229,96.8,.67213,3,450,6,39,"bball",5950,0,1,0,1,,,,,,8.666667
8901,1020,108,3.24,520,1,0,2.7814,174.5,.67213,3.5,450,6,39,"bball",5950,1,1,0,1,.5,15,-.0415001,77.7,0,8.666667
8808,770,28,1.85,531,1,0,2.8418,908.5,.7907,2.81,430,6,250,"track",6023,0,0,0,1,,,,,,58.13953
8901,770,44,2.2,531,1,0,2.8705,766.83,.7907,2.47,430,6,250,"track",6023,1,0,0,1,-.3399999,16,.0287001,-141.67,0,58.13953
8808,900,0,0,347,1,1,2.7609,816.2,1.09302,2.73,10,6,5,"soccer",6057,0,0,0,1,,,,,,50
8901,900,15,2.73,538,0,0,2.5681,1377.2,1.09302,2,10,6,5,"soccer",6057,1,0,0,1,-.73,15,-.1928,560.9999,-1,50
8808,730,1,4,960,1,0,2.9194,463.29,.92105,1.47,10,6,5,"football",6060,0,0,0,1,,,,,,50
8901,730,16,1.68,960,0,0,2.9281,849.67,.92105,2.07,10,6,5,"football",6060,1,0,0,1,.5999999,15,.0087001,386.38,-1,50
8808,960,0,0,517,1,1,2.4448,1559,.77778,2.18,46,6,10,"football",6169,0,0,0,1,,,,,,21.73913
8901,960,15,2.06,517,0,0,2.5838,1602.2,.77778,2.6,46,6,10,"football",6169,1,0,0,1,.4199998,15,.1390002,43.19995,-1,21.73913
8808,980,30,2.06,960,1,0,2.7079,705.4,.7193,1.8,568,6,384,"soccer",6188,0,0,0,1,,,,,,67.60564
8901,980,45,1.97,960,0,0,2.7546,933.29,.7193,2.74,568,6,384,"soccer",6188,1,0,0,1,.9400001,15,.0467,227.89,-1,67.60564
8808,870,33,2.57,353,1,0,2.8698,589.4,.77551,2.19,227,6,27,"vball",6279,0,1,0,1,,,,,,11.89427
8901,870,49,2.44,353,0,0,2.7737,571.6,.77551,2.56,227,6,27,"vball",6279,1,1,0,1,.3699999,16,-.0961001,-17.80005,-1,11.89427
8808,950,29,2.89,230,1,0,2.9287,487.8,1.02128,3,569,6,218,"swim",6367,0,1,0,1,,,,,,38.31283
8901,950,45,2.86,230,1,0,2.9675,436.67,1.02128,2.81,569,6,218,"swim",6367,1,1,0,1,-.1900001,16,.0388,-51.12997,0,38.31283
8808,830,57,2.03,520,1,0,2.8766,862.5,1.02439,1.5,546,6,285,"football",6386,0,0,0,1,,,,,,52.1978
8901,830,69,1.81,520,0,0,2.6664,530,1.02439,.4,546,6,285,"football",6386,1,0,0,1,-1.1,12,-.2102001,-332.5,-1,52.1978
8808,790,72,2.65,347,1,0,3.0297,246,1.39394,3,677,6,96,"track",6461,0,1,0,1,,,,,,14.18021
8901,790,87,2.71,347,1,0,3.326,93.75,1.39394,3,677,6,96,"track",6461,1,1,0,1,0,15,.2962999,-152.25,0,14.18021
8808,1010,27,2.96,811,1,0,2.5652,1185,.74138,3,266,6,10,"vball",6495,0,1,0,1,,,,,,3.759398
8901,1010,41,2.97,810,0,0,2.4395,269,.74138,2.62,266,6,10,"vball",6495,1,1,0,1,-.3800001,14,-.1257,-916,-1,3.759398
8808,1050,61,2.75,511,1,0,2.5236,891.8,1.1,2,162,6,22,"swim",6510,0,1,0,1,,,,,,13.58025
8901,1050,76,2.6,511,1,0,2.581,866.8,1.1,2.2,162,6,22,"swim",6510,1,1,0,1,.2,15,.0574,-25,0,13.58025
8808,860,59,2.62,538,0,0,2.8756,631.5,.72,3.25,113,6,29,"tennis",6535,0,1,0,1,,,,,,25.66372
8901,860,75,2.76,538,1,0,2.7625,425.2,.72,2.6,113,6,29,"tennis",6535,1,1,0,1,-.6500001,16,-.1131001,-206.3,1,25.66372
8808,1140,26,3.76,511,1,0,2.6966,1102,.96552,3,454,6,36,"wrestlin",6542,0,0,0,1,,,,,,7.929515
8901,1140,38,3.52,511,0,0,2.4037,944.25,.96552,3.25,454,6,36,"wrestlin",6542,1,0,0,1,.25,12,-.2928998,-157.75,-1,7.929515
8808,860,59,2.69,445,1,0,2.6503,127,.72,3.2,323,6,9,"wrestlin",6595,0,0,0,1,,,,,,2.786378
8901,860,74,2.79,445,0,0,3.0095,70,.72,2.8,323,6,9,"wrestlin",6595,1,0,0,1,-.4000001,15,.3592,-57,-1,2.786378
8808,940,58,2.22,310,1,0,3.0361,261.6,.84314,2.54,385,6,105,"swim",6647,0,1,0,1,,,,,,27.27273
8901,940,71,2.28,310,1,0,3.4963,171.67,.84314,3.41,385,6,105,"swim",6647,1,1,0,1,.8700001,13,.4602001,-89.93001,0,27.27273
8808,810,65,2.32,960,1,0,3.0193,494.2,.92857,2.69,385,6,165,"swim",6657,0,1,0,1,,,,,,42.85714
8901,810,78,2.38,960,1,0,3.1879,202,.92857,2.85,385,6,165,"swim",6657,1,1,0,1,.1599998,13,.1686001,-292.2,0,42.85714
8808,850,0,0,517,1,1,2.5862,1320.17,.84783,2.65,256,6,39,"soccer",6665,0,0,0,1,,,,,,15.23438
8901,850,15,2.6,517,0,0,2.7161,1496.6,.84783,3,256,6,39,"soccer",6665,1,0,0,1,.3499999,15,.1299,176.4299,-1,15.23438
8808,1290,28,2,505,1,0,2.5507,1478,.8169,3.2,82,6,45,"track",6700,0,0,0,1,,,,,,54.87805
8901,1290,43,2.41,505,1,0,2.6634,1058.5,.8169,3.5,82,6,45,"track",6700,1,0,0,1,.3,15,.1127,-419.5,0,54.87805
8808,1170,0,0,601,1,1,2.6719,1270.2,.82813,3.41,64,6,4,"swim",6714,0,1,0,1,,,,,,6.25
8901,1170,17,3.41,601,1,0,2.6937,956.33,.82813,3.25,64,6,4,"swim",6714,1,1,0,1,-.1600001,17,.0218,-313.8699,0,6.25
8808,1100,27,3.18,531,0,0,2.6158,956,.77419,3,53,6,10,"baseball",6869,0,0,0,1,,,,,,18.86792
8901,1100,42,3.11,531,1,0,2.582,1033.5,.77419,2.75,53,6,10,"baseball",6869,1,0,0,1,-.25,15,-.0337999,77.5,1,18.86792
8808,1430,66,3.53,455,1,0,2.6327,125.17,.83333,3.67,285,6,14,"swim",6877,0,0,0,1,,,,,,4.912281
8901,1430,78,3.55,455,1,0,2.8629,137.83,.83333,3.77,285,6,14,"swim",6877,1,0,0,1,.0999999,12,.2302001,12.66,0,4.912281
8808,760,25,2.24,531,0,0,2.6553,1444.2,1.17143,2.4,272,6,163,"baseball",6901,0,0,0,1,,,,,,59.92647
8901,760,40,2.3,531,1,0,2.8568,917.8,1.17143,2.08,272,6,163,"baseball",6901,1,0,0,1,-.3200002,15,.2015002,-526.4,1,59.92647
8808,820,96,2.31,240,1,0,3.4366,66.33,.78261,2.29,5,6,2,"swim",6926,0,1,0,1,,,,,,40
8901,820,103,2.31,240,1,0,3.2856,11.75,.78261,3,5,6,2,"swim",6926,1,1,0,1,.71,7,-.151,-54.58,0,40
8808,620,59,1.93,960,1,0,3.0611,320.67,1,2.25,200,2,152,"bball",6935,0,0,1,0,,,,,,76
8901,620,70,1.97,960,1,0,2.755,757,1,2.15,200,2,152,"bball",6935,1,0,1,0,-.0999999,11,-.3060999,436.33,0,76
8808,1080,61,2.29,210,0,0,2.6866,275.83,.66154,2.83,10,6,3,"baseball",6946,0,0,0,1,,,,,,30
8901,1080,79,2.41,210,1,0,2.8263,259,.66154,2.8,10,6,3,"baseball",6946,1,0,0,1,-.03,18,.1396999,-16.82999,1,30
8808,850,24,2.04,531,1,0,2.502,1185,.84783,1.25,358,6,135,"football",7255,0,0,0,1,,,,,,37.7095
8901,850,36,1.77,531,0,0,2.7534,564,.84783,3,358,6,135,"football",7255,1,0,0,1,1.75,12,.2514,-621,-1,37.7095
8808,1060,41,1.8,960,1,0,2.9473,959.6,.79661,1.67,299,6,149,"football",7285,0,0,0,1,,,,,,49.83278
8901,1060,53,1.77,960,0,0,2.7869,602.6,.79661,2.15,299,6,149,"football",7285,1,0,0,1,.4800001,12,-.1603999,-357,-1,49.83278
8808,1030,88,2.76,308,1,0,2.9557,128,.90741,2.75,5,6,2,"swim",7467,0,1,0,1,,,,,,40
8901,1030,100,2.76,308,1,0,3.164,135.2,.90741,3.2,5,6,2,"swim",7467,1,1,0,1,.45,12,.2083001,7.199997,0,40
8808,1070,31,1.83,665,1,0,2.8159,766,.81356,3,485,6,74,"swim",7476,0,1,0,1,,,,,,15.25773
8901,1070,48,2.25,665,1,0,2.8876,487.2,.81356,2.94,485,6,74,"swim",7476,1,1,0,1,-.0599999,17,.0716999,-278.8,0,15.25773
8808,940,27,2.33,601,0,0,2.7859,1354.4,.64912,2.56,485,6,203,"baseball",7491,0,0,0,1,,,,,,41.85567
8901,940,43,2.41,601,1,0,2.7034,1130,.64912,2.23,485,6,203,"baseball",7491,1,0,0,1,-.3299999,16,-.0825002,-224.4,1,41.85567
8808,1130,94,2.72,517,1,0,2.5647,331.8,.79365,2.4,179,6,104,"swim",7944,0,0,0,1,,,,,,58.10056
8901,1130,109,2.67,517,1,0,3.0177,233.67,.79365,3.29,179,6,104,"swim",7944,1,0,0,1,.8899999,15,.4530001,-98.12999,0,58.10056
8808,910,0,0,665,0,1,2.5921,1173.83,.85714,2.74,10,6,3,"golf",8111,0,0,0,1,,,,,,30
8901,910,17,2.82,665,1,0,2.6106,1295.67,.85714,3.06,10,6,3,"golf",8111,1,0,0,1,.3199999,17,.0185001,121.8401,1,30
8808,990,104,3.25,310,1,0,3.4764,178,.67797,3.75,321,6,27,"vball",8160,0,1,0,1,,,,,,8.411215
8901,990,116,3.3,310,0,0,3.6489,89.5,.67797,4,321,6,27,"vball",8160,1,1,0,1,.25,12,.1725001,-88.5,-1,8.411215
8808,950,82,2.68,511,0,0,2.9262,646.4,.79245,3,457,6,45,"golf",8197,0,0,0,1,,,,,,9.846828
8901,950,97,2.73,511,1,0,2.958,542,.79245,2.6,457,6,45,"golf",8197,1,0,0,1,-.4000001,15,.0318,-104.4,1,9.846828
8808,1100,0,0,601,0,1,2.395,1358.6,1,4,223,6,16,"tennis",8221,0,1,0,1,,,,,,7.174888
8901,1100,15,4,601,1,0,2.6085,1368.83,1,3.25,223,6,16,"tennis",8221,1,1,0,1,-.75,15,.2135,10.22998,1,7.174888
8808,800,26,2.46,347,1,0,2.927,791.17,.90476,2.31,325,6,67,"track",8294,0,1,0,1,,,,,,20.61539
8901,800,41,2.41,347,1,0,2.9413,714.8,.90476,2.77,325,6,67,"track",8294,1,1,0,1,.46,15,.0142999,-76.37,0,20.61539
8808,920,26,3.3,538,1,0,2.777,615,.95745,3.25,407,6,173,"football",8324,0,0,0,1,,,,,,42.50614
8901,920,38,3.28,538,0,0,2.5907,1099.67,.95745,3.33,407,6,173,"football",8324,1,0,0,1,.0799999,12,-.1863,484.67,-1,42.50614
8808,1210,0,0,555,1,1,2.5687,1212.67,.83333,4,546,6,12,"soccer",8386,0,0,0,1,,,,,,2.197802
8901,1210,16,4,517,0,0,2.6395,1063.17,.83333,4,546,6,12,"soccer",8386,1,0,0,1,0,16,.0707998,-149.5,-1,2.197802
8808,1350,62,3.35,660,1,0,2.5374,151.4,.90141,3.6,5,6,4,"swim",8413,0,1,0,1,,,,,,80
8901,1350,77,3.4,660,1,0,3.1176,552.2,.90141,4,5,6,4,"swim",8413,1,1,0,1,.4000001,15,.5802,400.8,0,80
8808,750,0,0,601,1,1,2.3962,1000.25,1.34375,0,194,6,182,"soccer",8415,0,0,0,1,,,,,,93.81443
8901,750,13,0,601,0,0,3.1532,716,1.34375,1.29,194,6,182,"soccer",8415,1,0,0,1,1.29,13,.757,-284.25,-1,93.81443
8808,820,54,2.74,531,1,0,2.6454,750.4,.82222,2.6,210,6,17,"soccer",8435,0,0,0,1,,,,,,8.095238
8901,820,69,2.71,531,0,0,2.909,574.67,.82222,2.94,210,6,17,"soccer",8435,1,0,0,1,.3400002,15,.2635999,-175.73,-1,8.095238
8808,820,54,2.05,538,1,0,2.5759,679.25,.82222,2.5,214,6,55,"soccer",8441,0,0,0,1,,,,,,25.70094
8901,820,66,2.13,538,0,0,2.9257,606.8,.82222,2.29,214,6,55,"soccer",8441,1,0,0,1,-.21,12,.3497999,-72.45001,-1,25.70094
8808,1010,82,1.85,455,1,0,2.6542,221.6,.65574,.91,408,6,140,"swim",8557,0,0,0,1,,,,,,34.31372
8901,1010,93,1.74,455,1,0,2.9504,486.2,.65574,2.62,408,6,140,"swim",8557,1,0,0,1,1.71,11,.2962,264.6,0,34.31372
8808,1040,0,0,538,1,1,2.5938,1592.83,.7931,2.5,193,6,37,"track",8656,0,1,0,1,,,,,,19.17098
8901,1040,16,2.43,538,1,0,2.6556,1330.17,.7931,2.63,193,6,37,"track",8656,1,1,0,1,.1300001,16,.0618,-262.6599,0,19.17098
8808,1150,0,0,811,1,1,2.263,1236.75,.79688,1.76,283,6,13,"swim",8754,0,1,0,1,,,,,,4.593639
8901,1150,17,1.76,811,1,0,2.3904,523.33,.79688,2.31,283,6,13,"swim",8754,1,1,0,1,.55,17,.1273999,-713.42,0,4.593639
8808,1000,29,2.44,601,0,0,2.5301,862,.75439,2.4,159,6,67,"tennis",8760,0,1,0,1,,,,,,42.13836
8901,1000,44,2.43,675,1,0,2.9747,254,.75439,3.46,159,6,67,"tennis",8760,1,1,0,1,1.06,15,.4445999,-608,1,42.13836
8808,880,58,2.31,317,1,0,2.6438,588.25,1.2,.5,230,2,82,"football",8834,0,0,1,0,,,,,,35.65217
8901,880,70,2,317,0,0,2.9437,718.5,1.2,1.75,230,2,82,"football",8834,1,0,1,0,1.25,12,.2999001,130.25,-1,35.65217
8808,640,40,1.65,317,1,0,2.9388,650.25,1.06452,2,219,2,63,"football",8842,0,0,1,0,,,,,,28.76712
8901,640,52,1.73,317,0,0,3.0376,667.5,1.06452,1.5,219,2,63,"football",8842,1,0,1,0,-.5,12,.0987999,17.25,-1,28.76712
8808,800,39,2.05,531,1,0,2.5721,727.8,.86047,2.6,831,2,220,"football",8997,0,0,1,0,,,,,,26.47413
8901,800,54,2.2,531,0,0,2.9238,830.75,.86047,2.25,831,2,220,"football",8997,1,0,1,0,-.3499999,15,.3517001,102.95,-1,26.47413
8808,1190,0,0,660,1,1,2.7057,1042.8,.83077,2.15,323,6,117,"football",9008,0,0,0,1,,,,,,36.22291
8901,1190,13,2.15,660,0,0,2.7852,845.33,.83077,2.76,323,6,117,"football",9008,1,0,0,1,.6099999,13,.0795002,-197.47,-1,36.22291
8808,470,54,2.2,317,1,0,2.6958,514.25,.74074,1,231,2,92,"football",9058,0,0,1,0,,,,,,39.82684
8901,470,69,1.89,317,0,0,2.8259,746.4,.74074,1.2,231,2,92,"football",9058,1,0,1,0,.2,15,.1301,232.15,-1,39.82684
8808,1010,57,1.96,538,1,0,2.6851,568.75,.80357,2,100,6,46,"swim",9386,0,0,0,1,,,,,,46
8901,1010,69,1.97,538,1,0,3.0594,415.33,.80357,2.6,100,6,46,"swim",9386,1,0,0,1,.5999999,12,.3743,-153.42,0,46
8808,1150,0,0,505,1,1,2.4687,930.57,.88525,.76,513,6,277,"football",9427,0,0,0,1,,,,,,53.9961
8901,1150,17,.76,505,0,0,2.7829,1403.6,.88525,.85,513,6,277,"football",9427,1,0,0,1,.09,17,.3142002,473.03,-1,53.9961
8808,740,92,2.11,531,1,0,3.0441,464.6,.64444,2.4,253,6,49,"track",9553,0,0,0,1,,,,,,19.36759
8901,740,107,2.15,531,1,0,3.0646,151.2,.64444,2.23,253,6,49,"track",9553,1,0,0,1,-.1700001,15,.0204999,-313.4,0,19.36759
8808,1100,30,2.93,531,1,0,2.5049,1425.25,.74603,2,240,6,129,"track",9589,0,0,0,1,,,,,,53.75
8901,1100,42,2.66,531,1,0,2.8654,773.5,.74603,2.13,240,6,129,"track",9589,1,0,0,1,.1300001,12,.3605001,-651.75,0,53.75
8808,1110,106,2.92,310,1,0,3.3158,202,1.05556,2.83,448,6,105,"swim",9605,0,1,0,1,,,,,,23.4375
8901,1110,124,2.91,310,1,0,3.6489,89.5,1.05556,3.8,448,6,105,"swim",9605,1,1,0,1,.97,18,.3331001,-112.5,0,23.4375
8808,1020,69,2.63,216,1,0,2.7805,610.6,1.31818,2.2,519,2,68,"football",9656,0,0,1,0,,,,,,13.10212
8901,1020,84,2.55,216,0,0,3.3658,447,1.31818,3.21,519,2,68,"football",9656,1,0,1,0,1.01,15,.5853,-163.6,-1,13.10212
8808,1050,0,0,402,1,1,2.5707,926.5,.75,2,310,6,110,"football",9711,0,0,0,1,,,,,,35.48387
8901,1050,14,2,402,0,0,2.5835,1006,.75,2.17,310,6,110,"football",9711,1,0,0,1,.1700001,14,.0128,79.5,-1,35.48387
8808,650,32,2.25,960,1,0,2.7153,705,.85714,2,249,6,97,"track",10134,0,1,0,1,,,,,,38.95582
8901,650,47,2.17,960,1,0,2.9145,1015,.85714,2.4,249,6,97,"track",10134,1,1,0,1,.4000001,15,.1991999,310,0,38.95582
8808,880,57,2.52,960,1,0,2.9304,530.2,.62963,3.6,600,6,500,"swim",10612,0,0,0,1,,,,,,83.33334
8901,880,72,2.75,960,1,0,3.1593,168.6,.62963,2.8,600,6,500,"swim",10612,1,0,0,1,-.8,15,.2289002,-361.6,0,83.33334
8808,1070,55,2.25,420,0,0,3.0086,232.5,.81356,2.29,491,6,127,"baseball",10692,0,0,0,1,,,,,,25.86558
8901,1070,69,2.26,420,1,0,2.7257,305.6,.81356,2.4,491,6,127,"baseball",10692,1,0,0,1,.1100001,14,-.2829001,73.10001,1,25.86558
8808,1090,0,0,517,1,1,2.3858,1509.2,.94643,2.24,524,6,308,"soccer",10784,0,0,0,1,,,,,,58.77863
8901,1090,15,2,517,0,0,2.7941,1549.6,.94643,2.85,524,6,308,"soccer",10784,1,0,0,1,.6099999,15,.4083002,40.40002,-1,58.77863
8808,890,95,2.07,675,0,0,2.7184,128.67,.7451,1.83,200,6,88,"tennis",11061,0,0,0,1,,,,,,44
8901,890,113,2.03,675,1,0,3.0753,72.67,.7451,2.13,200,6,88,"tennis",11061,1,0,0,1,.3000001,18,.3569,-56,1,44
8808,630,103,2.11,317,1,0,2.53,183.25,.61538,1.75,167,6,87,"football",11323,0,0,0,1,,,,,,52.09581
8901,630,115,2.07,317,0,0,2.5423,56.25,.61538,1.75,167,6,87,"football",11323,1,0,0,1,0,12,.0123,-127,-1,52.09581
8808,1010,0,0,565,1,1,2.5118,955.75,.98039,1.75,91,6,60,"football",11532,0,0,0,1,,,,,,65.93407
8901,1010,12,1.75,565,0,0,2.7675,1076.5,.98039,1.54,91,6,60,"football",11532,1,0,0,1,-.21,12,.2556999,120.75,-1,65.93407
8808,520,113,2.05,317,1,0,2.7674,43.75,.625,1.25,343,2,160,"football",11799,0,0,1,0,,,,,,46.64723
8901,520,125,1.97,317,0,0,3.0769,13,.625,0,343,2,160,"football",11799,1,0,1,0,-1.25,12,.3095,-30.75,-1,46.64723
8808,740,0,0,665,1,1,2.395,1358.6,1.3125,1.24,232,6,63,"bball",11831,0,1,0,1,,,,,,27.15517
8901,740,15,1.13,665,1,0,2.806,1205.5,1.3125,2.19,232,6,63,"bball",11831,1,1,0,1,.95,15,.411,-153.1,0,27.15517
8808,760,0,0,317,1,1,2.9713,687.71,1,2.41,510,2,441,"football",11883,0,0,1,0,,,,,,86.47059
8901,760,15,2.6,317,0,0,2.7673,728.33,1,.93,510,2,441,"football",11883,1,0,1,0,-1.48,15,-.204,40.62,-1,86.47059
8808,920,64,2.85,538,1,0,2.9262,546.33,1.19048,3.29,492,6,106,"swim",11978,0,1,0,1,,,,,,21.54472
8901,920,81,2.95,531,1,0,2.629,387.33,1.19048,2.83,492,6,106,"swim",11978,1,1,0,1,-.46,17,-.2972,-159,0,21.54472
8808,980,59,2.27,531,0,0,2.8937,522.2,.88462,2.8,260,6,86,"baseball",11998,0,0,0,1,,,,,,33.07692
8901,980,74,2.37,531,1,0,2.6764,1026,.88462,.75,260,6,86,"baseball",11998,1,0,0,1,-2.05,15,-.2172999,503.8,1,33.07692
8808,880,0,0,505,1,1,2.6614,1211.57,.76,3.05,177,6,12,"football",12005,0,0,0,1,,,,,,6.779661
8901,880,17,3.05,505,0,0,2.6849,1364.67,.76,3.25,177,6,12,"football",12005,1,0,0,1,.2,17,.0235,153.1001,-1,6.779661
8808,960,78,3.02,550,1,0,3.3522,14.83,.6,3.07,265,6,42,"swim",12234,0,0,0,1,,,,,,15.84906
8901,960,92,3.03,550,1,0,3.0656,144.5,.6,2.79,265,6,42,"swim",12234,1,0,0,1,-.28,14,-.2866001,129.67,0,15.84906
8808,920,0,0,402,1,1,2.4731,1137.25,.80392,2,345,6,30,"track",12265,0,1,0,1,,,,,,8.695652
8901,920,14,2,402,1,0,2.4792,1326.8,.80392,1.43,345,6,30,"track",12265,1,1,0,1,-.5700001,14,.0060999,189.55,0,8.695652
8808,820,92,2.47,531,1,0,2.7046,499.75,.74468,2.25,175,6,64,"football",12422,0,0,0,1,,,,,,36.57143
8901,820,104,2.45,531,0,0,2.4419,564.25,.74468,1.75,175,6,64,"football",12422,1,0,0,1,-.5,12,-.2627001,64.5,-1,36.57143
8808,920,90,2.84,531,0,0,2.7621,391.6,.73585,2.8,474,6,244,"golf",12607,0,0,0,1,,,,,,51.47679
8901,920,105,2.83,531,1,0,3.0235,261.67,.73585,3.33,474,6,244,"golf",12607,1,0,0,1,.53,15,.2614,-129.93,1,51.47679
8808,900,79,2.24,538,0,0,2.6274,844,.875,1.81,199,6,52,"baseball",12659,0,0,0,1,,,,,,26.13065
8901,900,95,2.16,538,1,0,2.7482,459.83,.875,1.67,199,6,52,"baseball",12659,1,0,0,1,-.14,16,.1208,-384.17,1,26.13065
8808,500,109,2.08,317,1,0,2.7501,333,.66667,1.5,475,2,145,"football",12725,0,0,1,0,,,,,,30.52632
8901,500,121,2.02,317,0,0,2.789,126.2,.66667,1.6,475,2,145,"football",12725,1,0,1,0,.1,12,.0389001,-206.8,-1,30.52632
8808,710,1,4,517,1,0,2.2864,1030.4,.86842,1.71,254,2,85,"football",12753,0,0,1,0,,,,,,33.46457
8901,710,16,1.81,517,0,0,2.7837,1266.86,.86842,2.35,254,2,85,"football",12753,1,0,1,0,.6399999,15,.4972999,236.46,-1,33.46457
8808,910,1,4,565,1,0,3.053,859.4,.71698,2.75,241,6,93,"football",12761,0,0,0,1,,,,,,38.58921
8901,910,13,2.84,565,0,0,2.4637,1061,.71698,2.13,241,6,93,"football",12761,1,0,0,1,-.6199999,12,-.5892999,201.6,-1,38.58921
8808,830,43,1.72,960,1,0,2.8201,714.8,.93023,2.2,195,6,71,"football",12850,0,0,0,1,,,,,,36.41026
8901,830,58,1.84,960,0,0,2.7941,785.5,.93023,1.75,195,6,71,"football",12850,1,0,0,1,-.45,15,-.026,70.70001,-1,36.41026
8808,970,82,2.2,532,0,0,3.1712,568.6,.90196,2.71,184,2,27,"baseball",12933,0,0,1,0,,,,,,14.67391
8901,970,96,2.28,532,1,0,2.9048,486,.90196,2,184,2,27,"baseball",12933,1,0,1,0,-.71,14,-.2664001,-82.59998,1,14.67391
8808,760,1,4,601,1,0,3.0352,509.67,.80952,1.43,165,2,86,"football",12935,0,0,1,0,,,,,,52.12121
8901,760,16,1.75,601,0,0,2.7343,811.2,.80952,2.23,165,2,86,"football",12935,1,0,1,0,.8000001,15,-.3009002,301.53,-1,52.12121
8808,960,33,2.03,505,1,0,2.6038,1266.6,.74545,1,170,6,27,"football",12943,0,0,0,1,,,,,,15.88235
8901,960,46,1.73,505,0,0,2.9125,760,.74545,3.38,170,6,27,"football",12943,1,0,0,1,2.38,13,.3086998,-506.6,-1,15.88235
8808,860,54,3.5,531,0,0,2.6954,645.8,.72,3.2,413,6,31,"baseball",12949,0,0,0,1,,,,,,7.506053
8901,860,69,3.43,531,1,0,2.9521,431.67,.72,3.63,413,6,31,"baseball",12949,1,0,0,1,.4300001,15,.2567,-214.13,1,7.506053
8808,1060,0,0,402,0,1,2.5425,1516.8,.92727,3.07,657,6,141,"tennis",13116,0,0,0,1,,,,,,21.46119
8901,1060,15,3.06,402,1,0,2.8699,1125.75,.92727,3.08,657,6,141,"tennis",13116,1,0,0,1,.01,15,.3274,-391.05,1,21.46119
8808,1170,31,3.58,665,1,0,2.939,958.6,.91803,3.2,178,6,25,"swim",13161,0,1,0,1,,,,,,14.04494
8901,1170,46,3.45,660,1,0,2.8037,528.8,.91803,3,178,6,25,"swim",13161,1,1,0,1,-.2,15,-.1352999,-429.8,0,14.04494
8808,1140,0,0,216,1,1,2.7855,668.6,.62857,3.07,348,6,32,"swim",13212,0,0,0,1,,,,,,9.195402
8901,1140,14,3.07,216,1,0,2.7526,739,.62857,3.22,348,6,32,"swim",13212,1,0,0,1,.1500001,14,-.0329001,70.40002,0,9.195402
8808,890,70,2.14,520,1,0,2.6986,724.75,.89362,1.38,275,2,27,"football",13235,0,0,1,0,,,,,,9.818182
8901,890,83,2.02,520,0,0,3.0466,420.6,.89362,2.33,275,2,27,"football",13235,1,0,1,0,.9499999,13,.348,-304.15,-1,9.818182
8808,1010,0,0,353,0,1,2.9023,1141,.77193,2.07,239,6,43,"tennis",13269,0,0,0,1,,,,,,17.99163
8901,1010,12,1.91,353,1,0,2.6988,1223.6,.77193,2.21,239,6,43,"tennis",13269,1,0,0,1,.1400001,12,-.2034998,82.59998,1,17.99163
8808,910,0,0,601,1,1,2.3858,1509.2,.68519,2.76,348,6,177,"swim",13412,0,0,0,1,,,,,,50.86207
8901,910,15,2.86,960,1,0,2.5866,1487.2,.68519,2.77,348,6,177,"swim",13412,1,0,0,1,.01,15,.2008002,-22,0,50.86207
8808,960,84,2.65,517,1,0,2.5421,538.75,.65517,2.42,328,6,94,"swim",13420,0,0,0,1,,,,,,28.65854
8901,960,96,2.62,517,1,0,2.5915,322,.65517,2.5,328,6,94,"swim",13420,1,0,0,1,.0799999,12,.0494001,-216.75,0,28.65854
8808,880,65,2.29,865,1,0,2.8993,411.2,.95556,2.75,161,6,35,"swim",13469,0,1,0,1,,,,,,21.73913
8901,880,81,2.38,865,1,0,2.8075,111.75,.95556,2.53,161,6,35,"swim",13469,1,1,0,1,-.22,16,-.0918002,-299.45,0,21.73913
8808,820,96,3.16,665,1,0,3.0311,120.57,1.10256,2.89,94,6,43,"wrestlin",13505,0,0,0,1,,,,,,45.74468
8901,820,113,3.12,665,0,0,3.1558,36.83,1.10256,3.5,94,6,43,"wrestlin",13505,1,0,0,1,.6099999,17,.1247001,-83.74,-1,45.74468
8808,800,33,2.72,710,1,0,2.7749,390.6,.90476,2.75,148,6,26,"bball",13535,0,1,0,1,,,,,,17.56757
8901,800,49,2.73,710,1,0,2.5184,395.4,.90476,2.76,148,6,26,"bball",13535,1,1,0,1,.01,16,-.2565,4.799988,0,17.56757
8808,940,33,1.9,402,1,0,2.6612,874.5,.91837,2.42,179,6,49,"wrestlin",13647,0,0,0,1,,,,,,27.3743
8901,940,45,2.04,402,0,0,2.8981,508,.91837,2.43,179,6,49,"wrestlin",13647,1,0,0,1,.01,12,.2368999,-366.5,-1,27.3743
8808,740,27,2.07,531,1,0,2.7153,878,1.11429,1.46,770,6,90,"wrestlin",13653,0,0,0,1,,,,,,11.68831
8901,740,40,1.87,531,0,0,3.0081,631.17,1.11429,1.75,770,6,90,"wrestlin",13653,1,0,0,1,.29,13,.2927999,-246.83,-1,11.68831
8808,720,0,0,538,1,1,2.7803,745.33,.71429,.77,850,6,290,"wrestlin",13656,0,0,0,1,,,,,,34.11765
8901,720,12,1,538,0,0,2.4551,608,.71429,1.29,850,6,290,"wrestlin",13656,1,0,0,1,.52,12,-.3251998,-137.33,-1,34.11765
8808,800,58,1.67,531,1,0,2.8224,676.75,1.05128,2.5,302,3,106,"wrestlin",13693,0,0,0,0,,,,,,35.09934
8901,800,70,1.81,531,0,0,2.7638,1023.75,1.05128,1.4,302,3,106,"wrestlin",13693,1,0,0,0,-1.1,12,-.0586002,347,-1,35.09934
8808,670,106,2.02,375,1,0,2.7122,162.75,.91429,2,315,2,231,"football",13734,0,0,1,0,,,,,,73.33334
8901,670,118,2.02,375,0,0,3.2982,538.25,.91429,1.9,315,2,231,"football",13734,1,0,1,0,-.1,12,.586,375.5,-1,73.33334
8808,1020,34,3.32,665,1,0,2.6055,340.17,1.08163,3.76,468,6,75,"swim",13808,0,1,0,1,,,,,,16.02564
8901,1020,51,3.47,665,1,0,2.7733,461.8,1.08163,3.07,468,6,75,"swim",13808,1,1,0,1,-.6900001,17,.1677999,121.63,0,16.02564
8808,1100,0,0,505,0,1,2.4383,1395.5,.77419,3.33,294,6,61,"tennis",13847,0,1,0,1,,,,,,20.7483
8901,1100,16,3.25,505,1,0,2.7176,1212.86,.77419,3,294,6,61,"tennis",13847,1,1,0,1,-.3299999,16,.2793002,-182.64,1,20.7483
8808,1040,58,2.7,455,1,0,2.8762,166,.7931,1.73,292,6,85,"track",13859,0,0,0,1,,,,,,29.10959
8901,1040,73,2.5,455,1,0,2.7486,257.29,.7931,2.39,292,6,85,"track",13859,1,0,0,1,.6600001,15,-.1276,91.29001,0,29.10959
8808,980,95,2.85,531,1,0,2.7334,301.67,.68966,3.33,428,6,23,"swim",13948,0,1,0,1,,,,,,5.373832
8901,980,113,2.92,531,1,0,2.9756,197.2,.68966,3.6,428,6,23,"swim",13948,1,1,0,1,.27,18,.2421999,-104.47,0,5.373832
8808,840,29,3.13,960,1,0,2.8072,958.6,.86667,3.4,177,6,49,"vball",13962,0,1,0,1,,,,,,27.68362
8901,840,44,3.22,960,0,0,2.9393,493.75,.86667,3.38,177,6,49,"vball",13962,1,1,0,1,-.02,15,.1321001,-464.85,-1,27.68362
8808,790,20,2.75,538,1,0,2.8942,1025.83,.88095,2.44,676,6,477,"football",13987,0,0,0,1,,,,,,70.56213
8901,790,36,2.61,538,0,0,2.7557,1025.67,.88095,2.21,676,6,477,"football",13987,1,0,0,1,-.23,16,-.1385,-.1599121,-1,70.56213
8808,1030,80,1.97,851,1,0,2.4245,265.4,.68852,2.18,384,6,129,"football",14052,0,0,0,1,,,,,,33.59375
8901,1030,97,2.01,851,0,0,2.5211,146.6,.68852,2.4,384,6,129,"football",14052,1,0,0,1,.22,17,.0966001,-118.8,-1,33.59375
8808,1020,0,0,531,1,1,2.59,1358.86,.7,1.83,10,6,10,"swim",14117,0,0,0,1,,,,,,100
8901,1020,17,1.76,531,1,0,2.7941,1549.6,.7,2.46,10,6,10,"swim",14117,1,0,0,1,.63,17,.2041001,190.74,0,100
8808,1010,53,2.11,310,1,0,3.493,323.5,.74138,3,243,6,70,"wrestlin",14157,0,0,0,1,,,,,,28.80659
8901,1010,65,2.27,310,0,0,3.1647,244.4,.74138,2.8,243,6,70,"wrestlin",14157,1,0,0,1,-.2,12,-.3283,-79.10001,-1,28.80659
8808,880,59,2.38,675,1,0,2.9535,510.5,.95556,3,370,6,165,"soccer",14279,0,0,0,1,,,,,,44.59459
8901,880,71,2.49,675,0,0,2.7901,292.17,.95556,2,370,6,165,"soccer",14279,1,0,0,1,-1,12,-.1633999,-218.33,-1,44.59459
8808,870,96,2.7,960,1,0,3.027,193.29,.8125,3.05,660,6,282,"swim",14435,0,1,0,1,,,,,,42.72727
8901,870,115,2.76,960,1,0,3.1001,61.67,.8125,3,660,6,282,"swim",14435,1,1,0,1,-.05,19,.0731001,-131.62,0,42.72727
8808,1110,28,3.21,816,1,0,2.3162,1264.5,.73438,2.46,609,6,17,"wrestlin",14452,0,0,0,1,,,,,,2.791461
8901,1110,41,2.97,851,0,0,2.6975,472.67,.73438,3,609,6,17,"wrestlin",14452,1,0,0,1,.54,13,.3813,-791.83,-1,2.791461
8808,990,0,0,359,0,1,2.7224,814,.83333,2.81,178,6,28,"tennis",14486,0,1,0,1,,,,,,15.73034
8901,990,14,2.78,359,1,0,2.6578,812.8,.83333,3,178,6,28,"tennis",14486,1,1,0,1,.1900001,14,-.0646,-1.200012,1,15.73034
8808,800,0,0,310,0,1,2.852,932.86,.86047,2.13,552,6,146,"baseball",14603,0,0,0,1,,,,,,26.44928
8901,800,15,2.06,310,1,0,2.9316,895.5,.86047,1.73,552,6,146,"baseball",14603,1,0,0,1,-.4000001,15,.0796001,-37.35999,1,26.44928
8808,1010,25,2.32,886,0,0,2.6561,1262.5,.77193,2.43,771,6,129,"baseball",14627,0,0,0,1,,,,,,16.73152
8901,1010,39,2.35,886,1,0,2.8563,289.6,.77193,1.87,771,6,129,"baseball",14627,1,0,0,1,-.5600001,14,.2002001,-972.9,1,16.73152
8808,1070,38,1.92,402,1,0,2.6785,1291.4,.55072,3,196,6,54,"swim",14655,0,0,0,1,,,,,,27.55102
8901,1070,51,2.19,520,1,0,2.6483,1007.2,.55072,3,196,6,54,"swim",14655,1,0,0,1,0,13,-.0302,-284.2,0,27.55102
8808,1000,0,0,517,1,1,2.6487,1098.33,.88679,2.43,20,6,11,"football",14856,0,0,0,1,,,,,,55
8901,1000,14,2.42,517,0,0,2.5308,1153.2,.88679,2,20,6,11,"football",14856,1,0,0,1,-.4300001,14,-.1178999,54.87,-1,55
8808,560,105,2.05,317,1,0,2.9069,655,.86667,2.25,290,2,150,"football",14940,0,0,1,0,,,,,,51.72414
8901,560,117,2.07,317,0,0,2.518,486,.86667,2.2,290,2,150,"football",14940,1,0,1,0,-.05,12,-.3889,-169,-1,51.72414
8808,790,5,2.8,565,1,0,3.0759,850.8,.88095,1.75,235,2,90,"football",15028,0,0,1,0,,,,,,38.29787
8901,790,17,2.05,565,0,0,2.4316,882.25,.88095,1.13,235,2,90,"football",15028,1,0,1,0,-.62,12,-.6443,31.45001,-1,38.29787
8808,740,82,2.02,960,1,0,2.9644,60.6,.6087,1.6,280,8,149,"football",15616,0,0,0,0,,,,,,53.21429
8901,740,97,1.95,960,0,0,3.0244,82,.6087,1.6,280,8,149,"football",15616,1,0,0,0,0,15,.0599999,21.4,-1,53.21429
8808,970,29,2.75,517,0,0,2.8681,1043,.7963,2.38,657,6,141,"tennis",15861,0,0,0,1,,,,,,21.46119
8901,970,45,2.62,517,1,0,2.7293,1144,.7963,1.93,657,6,141,"tennis",15861,1,0,0,1,-.4500002,16,-.1387999,101,1,21.46119
8808,780,56,2.37,538,1,0,2.9391,408,.81395,2.4,274,6,118,"football",15976,0,0,0,1,,,,,,43.06569
8901,780,71,2.38,538,0,0,2.7403,513.4,.81395,1.6,274,6,118,"football",15976,1,0,0,1,-.8000001,15,-.1988001,105.4,-1,43.06569
8808,840,29,2.31,531,1,0,2.7191,1053.2,1.21053,2.2,212,6,75,"football",16060,0,0,0,1,,,,,,35.37736
8901,840,44,2.27,531,0,0,2.7316,711.2,1.21053,2,212,6,75,"football",16060,1,0,0,1,-.2,15,.0125,-341.9999,-1,35.37736
8808,830,106,2.01,531,1,0,2.5188,561.75,.69388,.75,77,6,12,"football",16489,0,0,0,1,,,,,,15.58442
8901,830,118,1.88,531,0,0,2.9871,299.2,.69388,2.4,77,6,12,"football",16489,1,0,0,1,1.65,12,.4682999,-262.55,-1,15.58442
8808,870,72,2.34,353,1,0,2.8827,257.14,.93333,2.43,118,6,17,"bball",16568,0,1,0,1,,,,,,14.40678
8901,870,93,2.36,353,1,0,2.7995,164.33,.93333,2.67,118,6,17,"bball",16568,1,1,0,1,.24,21,-.0832,-92.81001,0,14.40678
8808,640,37,1.97,317,1,0,2.6109,1261.25,.6,2,157,2,68,"football",16757,0,0,1,0,,,,,,43.3121
8901,640,49,1.97,317,0,0,3.0226,598.83,.6,1.87,157,2,68,"football",16757,1,0,1,0,-.13,12,.4117,-662.42,-1,43.3121
8808,1000,63,3.25,445,1,0,2.6978,515.4,.63934,2.6,220,2,15,"football",16915,0,0,1,0,,,,,,6.818182
8901,1000,78,3.16,445,0,0,2.8088,178.17,.63934,2.87,220,2,15,"football",16915,1,0,1,0,.27,15,.1110001,-337.23,-1,6.818182
8808,610,29,2.2,317,1,0,2.9815,1172.5,.84848,2,97,2,61,"football",17394,0,0,1,0,,,,,,62.8866
8901,610,41,2.14,317,0,0,2.9151,646.8,.84848,1.25,97,2,61,"football",17394,1,0,1,0,-.75,12,-.0663998,-525.7,-1,62.8866
8808,760,0,0,660,1,1,3.0017,1040.67,.9,2.07,295,6,140,"football",17865,0,0,0,1,,,,,,47.45763
8901,760,12,2.08,660,0,0,2.8004,1176.6,.9,2.46,295,6,140,"football",17865,1,0,0,1,.3900001,12,-.2012999,135.9299,-1,47.45763
8808,1040,50,2.16,960,1,0,2.9464,720.25,1.03922,3.25,268,6,73,"swim",17992,0,1,0,1,,,,,,27.23881
8901,1040,62,2.37,960,1,0,2.7604,505.5,1.03922,2.46,268,6,73,"swim",17992,1,1,0,1,-.79,12,-.1859999,-214.75,0,27.23881
8808,1050,0,0,531,0,1,2.4896,1576.67,.84211,3.33,316,2,18,"baseball",18005,0,0,1,0,,,,,,5.696203
8901,1050,16,3.37,531,1,0,2.7617,1438.33,.84211,3.38,316,2,18,"baseball",18005,1,0,1,0,.0500002,16,.2721,-138.3401,1,5.696203
8808,740,93,2.13,635,1,0,2.707,252.6,.80488,2,203,6,72,"soccer",18471,0,0,0,1,,,,,,35.46798
8901,740,108,2.12,635,0,0,2.7267,217.4,.80488,1.71,203,6,72,"soccer",18471,1,0,0,1,-.29,15,.0197001,-35.20001,-1,35.46798
8808,810,0,0,517,1,1,2.4048,1085.67,.7234,2.33,211,6,69,"wrestlin",18704,0,0,0,1,,,,,,32.70142
8901,810,16,2.37,517,0,0,2.7483,1438.67,.7234,2.06,211,6,69,"wrestlin",18704,1,0,0,1,-.27,16,.3435001,353,-1,32.70142
8808,850,85,1.98,532,1,0,2.9928,956.25,1.23684,3,203,2,112,"track",18842,0,0,1,0,,,,,,55.17241
8901,850,97,2.11,532,1,0,2.7818,419,1.23684,3,203,2,112,"track",18842,1,0,1,0,0,12,-.211,-537.25,0,55.17241
8808,920,0,0,118,1,1,3.0072,900.17,1.42105,2.64,168,6,75,"football",19116,0,0,0,1,,,,,,44.64286
8901,920,12,2.58,118,0,0,2.8252,1045.29,1.42105,1.59,168,6,75,"football",19116,1,0,0,1,-1.05,12,-.1819999,145.1201,-1,44.64286
8808,970,64,2.76,350,1,0,2.9496,234.6,.90196,2.8,125,6,13,"football",19133,0,0,0,1,,,,,,10.4
8901,970,79,2.77,350,0,0,3.2273,222.14,.90196,3.16,125,6,13,"football",19133,1,0,0,1,.3600001,15,.2776999,-12.46001,-1,10.4
8808,1070,65,3.32,811,1,0,2.8587,124.57,.87719,3.44,158,6,28,"swim",19518,0,1,0,1,,,,,,17.72152
8901,1070,81,3.34,811,1,0,2.453,110.6,.87719,3.44,158,6,28,"swim",19518,1,1,0,1,0,16,-.4057,-13.97,0,17.72152
8808,590,76,1.69,960,1,0,2.8413,883.25,.78788,.5,202,2,109,"football",20539,0,0,1,0,,,,,,53.9604
8901,590,88,1.53,960,0,0,2.9688,468.5,.78788,1.25,202,2,109,"football",20539,1,0,1,0,.75,12,.1275001,-414.75,-1,53.9604
8808,700,5,3.4,319,1,0,3.4261,735.5,.89189,3.25,133,6,54,"track",20586,0,1,0,1,,,,,,40.60151
8901,700,13,3.3,895,1,0,2.9402,600,.89189,2.29,133,6,54,"track",20586,1,1,0,1,-.96,8,-.4858999,-135.5,0,40.60151
8808,930,1,4,510,1,0,2.784,1157.43,.97872,2.74,229,2,38,"football",20825,0,0,1,0,,,,,,16.59389
8901,930,18,2.66,531,0,0,2.6668,1419.8,.97872,2.46,229,2,38,"football",20825,1,0,1,0,-.28,17,-.1171999,262.37,-1,16.59389
8808,830,29,2.24,520,1,0,2.6048,1155,.93023,2.07,10,2,2,"track",20920,0,0,1,0,,,,,,20
8901,830,43,2.18,520,1,0,2.4387,910.4,.93023,1.8,10,2,2,"track",20920,1,0,1,0,-.27,14,-.1661,-244.6,0,20
8808,1220,0,0,402,1,1,2.4522,1289.25,.74286,4,465,2,8,"track",21478,0,0,1,0,,,,,,1.72043
8901,1220,13,4,402,1,0,2.5131,971,.74286,4,465,2,8,"track",21478,1,0,1,0,0,13,.0609,-318.25,0,1.72043
8808,800,1,4,675,1,0,2.9303,1046.86,1.10526,1.35,465,6,274,"football",21732,0,0,0,1,,,,,,58.92473
8901,800,16,1.56,675,0,0,2.671,1075.75,1.10526,1.54,465,6,274,"football",21732,1,0,0,1,.1899999,15,-.2593,28.89001,-1,58.92473
8808,980,28,2.1,531,0,0,2.5313,1408.75,.78182,2,240,6,120,"baseball",21854,0,0,0,1,,,,,,50
8901,980,40,2.07,531,1,0,2.5638,1319.5,.78182,1.75,240,6,120,"baseball",21854,1,0,0,1,-.25,12,.0325,-89.25,1,50
8808,770,0,0,531,1,1,2.7419,776,.71111,1.32,386,2,223,"football",22711,0,0,1,0,,,,,,57.77202
8901,770,17,1.35,531,0,0,2.5535,1051.8,.71111,.77,386,2,223,"football",22711,1,0,1,0,-.5500001,17,-.1884,275.8,-1,57.77202
8808,890,0,0,517,1,1,2.9941,1166.17,1.02273,2.64,69,6,63,"football",22922,0,0,0,1,,,,,,91.30434
8901,890,12,2.75,517,0,0,2.51,1321.33,1.02273,1,69,6,63,"football",22922,1,0,0,1,-1.64,12,-.4841001,155.1599,-1,91.30434
8808,990,0,0,402,1,1,2.5442,1707.5,.98,2.14,204,2,31,"track",23305,0,1,1,0,,,,,,15.19608
8901,990,14,2.14,402,1,0,2.5529,1292,.98,1.67,204,2,31,"track",23305,1,1,1,0,-.4700001,14,.0087001,-415.5,0,15.19608
8808,830,25,2.08,531,1,0,2.8053,983.83,.80435,1.94,245,6,73,"track",24147,0,0,0,1,,,,,,29.79592
8901,830,41,2.02,531,1,0,2.8667,754,.80435,2.36,245,6,73,"track",24147,1,0,0,1,.4199998,16,.0613999,-229.83,0,29.79592
8808,980,0,0,402,1,1,2.5447,1224.25,1,2.31,238,6,80,"football",24581,0,0,0,1,,,,,,33.61345
8901,980,16,1.87,402,0,0,2.3372,1388,1,1.64,238,6,80,"football",24581,1,0,0,1,-.67,16,-.2075,163.75,-1,33.61345
8808,950,90,2.46,314,0,0,2.8499,264.25,.69643,3,148,6,18,"golf",24604,0,0,0,1,,,,,,12.16216
8901,950,103,2.53,314,1,0,3.3301,125.33,.69643,3.65,148,6,18,"golf",24604,1,0,0,1,.6500001,13,.4802001,-138.92,1,12.16216
8808,980,0,0,402,1,1,2.5787,1607.75,.88462,2.77,238,6,46,"football",24711,0,0,0,1,,,,,,19.32773
8901,980,13,2.76,402,0,0,2.502,1280.6,.88462,2.53,238,6,46,"football",24711,1,0,0,1,-.24,13,-.0767,-327.15,-1,19.32773
8808,640,83,2.02,317,1,0,2.6861,400.25,.82857,1.25,534,2,165,"football",24894,0,0,1,0,,,,,,30.89888
8901,640,95,1.92,317,0,0,2.4592,184.6,.82857,1.6,534,2,165,"football",24894,1,0,1,0,.35,12,-.2269001,-215.65,-1,30.89888
8808,1130,40,2.9,445,1,0,2.3606,507.25,.68657,2.54,396,6,7,"football",25178,0,0,0,1,,,,,,1.767677
8901,1130,53,2.81,445,0,0,2.909,589.4,.68657,3.57,396,6,7,"football",25178,1,0,0,1,1.03,13,.5483999,82.15002,-1,1.767677
8808,1170,43,2.51,660,1,0,2.9971,438.17,1.05263,2.88,230,6,13,"football",25950,0,0,0,1,,,,,,5.652174
8901,1170,59,2.61,660,0,0,2.9567,85.6,1.05263,3.4,230,6,13,"football",25950,1,0,0,1,.52,16,-.0404,-352.57,-1,5.652174
8808,700,2,4,510,1,0,2.7803,745.33,.75,.69,191,2,124,"bball",26362,0,0,1,0,,,,,,64.92146
8901,700,14,1.28,510,1,0,2.9022,813.6,.75,.77,191,2,124,"bball",26362,1,0,1,0,.08,12,.1219001,68.26996,0,64.92146
8808,790,42,1.85,531,1,0,2.7003,1567.8,.92683,1.6,125,2,34,"football",26671,0,0,1,0,,,,,,27.2
8901,790,55,1.78,531,0,0,2.9911,775.67,.92683,1.86,125,2,34,"football",26671,1,0,1,0,.26,13,.2908001,-792.1301,-1,27.2
8808,1020,0,0,531,0,1,2.3428,1473.75,.78947,1.21,574,6,81,"golf",27328,0,0,0,1,,,,,,14.1115
8901,1020,12,1.25,531,1,0,2.7559,1334.75,.78947,2.25,574,6,81,"golf",27328,1,0,0,1,1.04,12,.4131,-139,1,14.1115
8808,980,25,2.6,517,0,0,2.9405,746,.84906,2.85,665,6,33,"tennis",27338,0,0,0,1,,,,,,4.962406
8901,980,38,2.68,517,1,0,2.6612,670.6,.84906,2.6,665,6,33,"tennis",27338,1,0,0,1,-.25,13,-.2793,-75.40002,1,4.962406
8808,1080,91,2.29,420,0,0,2.8116,280,.56522,2.93,539,6,152,"golf",27561,0,0,0,1,,,,,,28.20037
8901,1080,110,2.37,420,1,0,3.1309,114.17,.56522,2.6,539,6,152,"golf",27561,1,0,0,1,-.3300002,19,.3192999,-165.83,1,28.20037
8808,820,0,0,538,1,1,2.3746,1395.8,.90698,2.24,526,2,160,"track",27633,0,1,1,0,,,,,,30.41825
8901,820,15,2.13,538,1,0,2.7751,1310.8,.90698,2.4,526,2,160,"track",27633,1,1,1,0,.1600001,15,.4005001,-85,0,30.41825
8808,1140,91,3.32,425,0,0,2.7002,108.5,.75385,3,160,6,6,"golf",28501,0,0,0,1,,,,,,3.75
8901,1140,106,3.28,425,1,0,2.9546,47.6,.75385,2.15,160,6,6,"golf",28501,1,0,0,1,-.8499999,15,.2544,-60.9,1,3.75
8808,960,0,0,517,0,1,2.679,1353.8,1.13333,3,201,6,19,"baseball",28938,0,0,0,1,,,,,,9.452736
8901,960,11,2.9,517,1,0,2.6107,1424.4,1.13333,2.31,201,6,19,"baseball",28938,1,0,0,1,-.6900001,11,-.0683,70.59998,1,9.452736
8808,700,1,4,538,1,0,2.7419,776,.66667,2.16,201,6,103,"football",28956,0,0,0,1,,,,,,51.24378
8901,700,18,2.38,538,0,0,2.5791,1368,.66667,1.94,201,6,103,"football",28956,1,0,0,1,-.22,17,-.1628001,592,-1,51.24378
8808,630,80,1.8,317,1,0,3.0122,564.4,1.03226,1.71,163,2,89,"football",29151,0,0,1,0,,,,,,54.60123
8901,630,92,1.8,317,0,0,2.7766,248.5,1.03226,0,163,2,89,"football",29151,1,0,1,0,-1.71,12,-.2356002,-315.9,-1,54.60123
8808,640,33,1.75,960,1,0,2.9143,977.4,1.13333,2.2,353,2,230,"football",29256,0,0,1,0,,,,,,65.15581
8901,640,48,1.89,960,0,0,2.9519,597,1.13333,2,353,2,230,"football",29256,1,0,1,0,-.2,15,.0376,-380.4,-1,65.15581
8808,1020,29,2.55,531,0,0,2.837,960.2,.82143,2.31,345,6,46,"baseball",29394,0,0,0,1,,,,,,13.33333
8901,1020,42,2.47,531,1,0,2.7319,1076.83,.82143,1.75,345,6,46,"baseball",29394,1,0,0,1,-.5599999,13,-.1050999,116.6299,1,13.33333
8808,1030,62,2.43,820,1,0,2.935,359,.87273,3.23,176,6,27,"football",29591,0,0,0,1,,,,,,15.34091
8901,1030,75,2.57,820,0,0,3.0346,251,.87273,3,176,6,27,"football",29591,1,0,0,1,-.23,13,.0996001,-108,-1,15.34091
8808,920,101,3.33,368,1,0,2.8084,145.5,.95745,3.33,575,6,155,"track",29965,0,1,0,1,,,,,,26.95652
8901,920,119,3.33,368,1,0,3.7293,68,.95745,4,575,6,155,"track",29965,1,1,0,1,.6700001,18,.9209001,-77.5,0,26.95652
8808,990,0,0,538,1,1,2.4896,1576.67,.83333,3,715,6,23,"bball",30016,0,1,0,1,,,,,,3.216783
8901,990,16,2.87,538,1,0,2.7063,1173.5,.83333,3.63,715,6,23,"bball",30016,1,1,0,1,.6300001,16,.2167001,-403.17,0,3.216783
8808,920,7,1.71,565,1,0,2.8619,942.25,.87755,2.8,715,6,529,"track",30121,0,0,0,1,,,,,,73.98602
8901,920,17,2.35,565,1,0,2.6668,900,.87755,0,715,6,529,"track",30121,1,0,0,1,-2.8,10,-.1951001,-42.25,0,73.98602
8808,840,0,0,665,1,1,2.6876,1031.2,.82609,1.18,715,2,511,"wrestlin",30271,0,0,1,0,,,,,,71.46853
8901,840,11,1.18,665,0,0,2.6194,999.5,.82609,1.23,715,2,511,"wrestlin",30271,1,0,1,0,.0500001,11,-.0681999,-31.69995,-1,71.46853
8808,990,0,0,531,1,1,2.5301,1312.25,.86792,2.25,715,6,279,"wrestlin",30568,0,0,0,1,,,,,,39.02098
8901,990,10,2.1,531,0,0,2.5652,1759.33,.86792,2.33,715,6,279,"wrestlin",30568,1,0,0,1,.0799999,10,.0351,447.08,-1,39.02098
8808,950,1,4,517,1,0,3.0395,1268.67,.82692,2,715,6,346,"football",30575,0,0,0,1,,,,,,48.39161
8901,950,17,2,517,0,0,2.518,1316.6,.82692,1.6,715,6,346,"football",30575,1,0,0,1,-.4,16,-.5215001,47.92993,-1,48.39161
8808,1180,0,0,402,1,1,2.5041,1482.25,.81538,1.5,771,6,481,"wrestlin",30629,0,0,0,1,,,,,,62.38651
8901,1180,14,1.5,402,0,0,2.6602,1392.4,.81538,2.8,771,6,481,"wrestlin",30629,1,0,0,1,1.3,14,.1561,-89.84998,-1,62.38651
8808,1050,27,1.96,665,1,0,2.9259,808.25,.77966,2.5,687,6,314,"wrestlin",30649,0,0,0,1,,,,,,45.70597
8901,1050,39,2.12,665,0,0,2.5049,1425.25,.77966,2.25,687,6,314,"wrestlin",30649,1,0,0,1,-.25,12,-.421,617,-1,45.70597
8808,900,58,2.89,960,1,0,3.0116,228,.76471,3.13,132,6,18,"track",30770,0,0,0,1,,,,,,13.63636
8901,900,74,2.94,960,1,0,3.022,42.2,.76471,3.2,132,6,18,"track",30770,1,0,0,1,.0699999,16,.0104001,-185.8,0,13.63636
8808,490,112,2,319,1,0,2.7914,626.6,.75,1.6,144,2,55,"bball",30901,0,1,1,0,,,,,,38.19444
8901,490,127,1.97,319,1,0,2.9132,477,.75,1.75,144,2,55,"bball",30901,1,1,1,0,.15,15,.1217999,-149.6,0,38.19444
8808,670,40,2.17,675,1,0,2.8165,1033.5,.86111,1.5,87,2,42,"football",31327,0,0,1,0,,,,,,48.27586
8901,670,52,2.01,675,0,0,3.1547,631.6,.86111,1.38,87,2,42,"football",31327,1,0,1,0,-.12,12,.3382001,-401.9,-1,48.27586
8808,710,0,0,538,1,1,2.821,1159.86,1.02857,1.79,117,2,65,"track",32149,0,1,1,0,,,,,,55.55556
8901,710,17,1.76,538,1,0,2.7152,1319.25,1.02857,2,117,2,65,"track",32149,1,1,1,0,.21,17,-.1058002,159.39,0,55.55556
8808,900,0,0,107,1,1,2.8087,534,.8,2.21,30,6,17,"football",32416,0,0,0,1,,,,,,56.66667
8901,900,14,2.21,107,0,0,2.5258,1119,.8,2.69,30,6,17,"football",32416,1,0,0,1,.48,14,-.2829001,585,-1,56.66667
8808,930,55,1.96,531,1,0,2.5448,900.75,1.06667,.75,277,6,50,"wrestlin",32692,0,0,0,1,,,,,,18.05054
8901,930,67,1.74,531,0,0,2.6871,388.67,1.06667,1.8,277,6,50,"wrestlin",32692,1,0,0,1,1.05,12,.1422999,-512.08,-1,18.05054
8808,860,39,2.2,517,1,0,2.4679,820.5,.62264,2.46,259,6,70,"football",32698,0,0,0,1,,,,,,27.02703
8901,860,52,2.26,517,0,0,2.53,1118.75,.62264,1.25,259,6,70,"football",32698,1,0,0,1,-1.21,13,.0620999,298.25,-1,27.02703
8808,830,57,2.21,531,0,0,2.8633,618.8,.69388,2.29,297,6,84,"baseball",33463,0,0,0,1,,,,,,28.28283
8901,830,71,2.22,531,1,0,2.7269,626,.69388,2.2,297,6,84,"baseball",33463,1,0,0,1,-.0899999,14,-.1364,7.200012,1,28.28283
8808,1400,59,3.74,818,1,0,2.8422,338.83,.94444,4,252,6,1,"football",33568,0,0,0,1,,,,,,.3968254
8901,1400,75,3.8,818,0,0,3.1083,200.67,.94444,4,252,6,1,"football",33568,1,0,0,1,0,16,.2660999,-138.16,-1,.3968254
8808,570,52,2.01,531,1,0,2.9481,788.8,.78125,2.62,209,2,82,"bball",33898,0,1,1,0,,,,,,39.23445
8901,570,65,2.13,531,1,0,2.5888,686.5,.78125,1.25,209,2,82,"bball",33898,1,1,1,0,-1.37,13,-.3593001,-102.3,0,39.23445
8808,1130,29,3.37,410,1,0,2.6944,347.17,.79365,3.29,313,6,10,"football",34445,0,0,0,1,,,,,,3.194888
8901,1130,46,3.34,410,0,0,2.8052,601.43,.79365,3.68,313,6,10,"football",34445,1,0,0,1,.3900001,17,.1108,254.26,-1,3.194888
8808,860,57,2.57,538,0,0,2.704,640.4,.79167,3.2,66,6,21,"baseball",35169,0,0,0,1,,,,,,31.81818
8901,860,72,2.7,538,1,0,2.6378,436.8,.79167,2.6,66,6,21,"baseball",35169,1,0,0,1,-.6000001,15,-.0662,-203.6,1,31.81818
8808,650,84,2.72,310,1,0,3.1406,193.2,.75676,3.2,234,2,35,"vball",35447,0,1,1,0,,,,,,14.95726
8901,650,99,2.79,310,0,0,3.3957,168.5,.75676,3.75,234,2,35,"vball",35447,1,1,1,0,.55,15,.2551,-24.7,-1,14.95726
8808,1070,69,2.37,520,1,0,2.7123,428,.84483,3.5,127,6,25,"football",36837,0,0,0,1,,,,,,19.68504
8901,1070,87,2.6,520,0,0,2.8568,273.83,.84483,3.33,127,6,25,"football",36837,1,0,0,1,-.1700001,18,.1445,-154.17,-1,19.68504
8808,690,103,2.64,538,1,0,2.8589,359.25,.60465,2,79,2,12,"football",36971,0,0,1,0,,,,,,15.18987
8901,690,115,2.57,538,0,0,2.913,514,.60465,2.67,79,2,12,"football",36971,1,0,1,0,.6700001,12,.0541,154.75,-1,15.18987
8808,1200,0,0,402,1,1,2.8888,997.17,.62162,3.38,415,6,14,"football",37502,0,0,0,1,,,,,,3.373494
8901,1200,16,3.37,402,0,0,2.5687,962.67,.62162,3.31,415,6,14,"football",37502,1,0,0,1,-.0700002,16,-.3200998,-34.5,-1,3.373494
8808,1180,27,3.59,415,0,0,2.3665,716.2,.71014,3.5,365,6,3,"tennis",37593,0,1,0,1,,,,,,.8219178
8901,1180,41,3.56,415,1,0,2.5823,612.6,.71014,2.57,365,6,3,"tennis",37593,1,1,0,1,-.9300001,14,.2158,-103.6,1,.8219178
8808,630,99,2.25,538,0,0,2.7868,304.6,.8,2.4,246,6,160,"golf",38412,0,0,0,1,,,,,,65.04065
8901,630,114,2.27,538,1,0,2.8597,246.8,.8,1.6,246,6,160,"golf",38412,1,0,0,1,-.8000001,15,.0729001,-57.8,1,65.04065
8808,870,31,1.74,531,1,0,2.8764,904.6,.74,2.62,254,2,73,"track",38440,0,0,1,0,,,,,,28.74016
8901,870,44,2,531,1,0,3.026,625.6,.74,2.5,254,2,73,"track",38440,1,0,1,0,-.1199999,13,.1496,-279,0,28.74016
8808,940,49,2.3,960,0,0,2.8229,537.25,.64912,2.25,256,6,58,"golf",39147,0,0,0,1,,,,,,22.65625
8901,940,61,2.29,960,1,0,2.7271,423.25,.64912,2.5,256,6,58,"golf",39147,1,0,0,1,.25,12,-.0958002,-114,1,22.65625
8808,610,71,2.26,317,1,0,2.926,310.75,.90625,2.25,522,6,152,"football",39451,0,0,0,1,,,,,,29.11877
8901,610,83,2.26,317,0,0,2.7285,376.75,.90625,1.75,522,6,152,"football",39451,1,0,0,1,-.5,12,-.1975002,66,-1,29.11877
8808,1110,0,0,402,1,1,2.6758,1527.67,.94737,3.22,591,6,10,"track",39796,0,0,0,1,,,,,,1.692047
8901,1110,18,3.22,402,1,0,2.396,1140.2,.94737,3,591,6,10,"track",39796,1,0,0,1,-.22,18,-.2798002,-387.4701,0,1.692047
8808,890,112,2.05,319,1,0,2.8094,197,.81633,1.75,690,2,420,"football",40439,0,0,1,0,,,,,,60.86956
8901,890,127,2.02,319,0,0,3.3264,625.8,.81633,1.92,690,2,420,"football",40439,1,0,1,0,.17,15,.517,428.8,-1,60.86956
8808,850,93,2.19,531,1,0,3.0103,153.17,.88889,1.71,572,6,86,"wrestlin",40756,0,0,0,1,,,,,,15.03496
8901,850,107,2.13,531,0,0,3.0177,330.57,.88889,2.26,572,6,86,"wrestlin",40756,1,0,0,1,.55,14,.0074,177.4,-1,15.03496
8808,1150,41,3.14,216,1,0,2.8773,417,.74242,3.2,673,6,106,"soccer",40833,0,0,0,1,,,,,,15.75037
8901,1150,56,3.16,216,0,0,2.8229,252,.74242,3,673,6,106,"soccer",40833,1,0,0,1,-.2,15,-.0544,-165,-1,15.75037
8808,810,87,1.93,531,1,0,3.0172,524.5,.88372,2.2,337,6,56,"football",41429,0,0,0,1,,,,,,16.61721
8901,810,97,1.95,531,0,0,2.9129,417.29,.88372,1.25,337,6,56,"football",41429,1,0,0,1,-.95,10,-.1043,-107.21,-1,16.61721
8808,720,1,4,319,1,0,2.7339,695,.89474,1.32,584,2,268,"football",41585,0,0,1,0,,,,,,45.89041
8901,720,18,1.38,319,0,0,2.7484,1348,.89474,1.31,584,2,268,"football",41585,1,0,1,0,-.0100001,17,.0144999,653,-1,45.89041
8808,1040,56,3.01,353,1,0,2.6182,722.17,.70492,2.33,172,6,5,"football",43168,0,0,0,1,,,,,,2.906977
8901,1040,74,2.85,353,0,0,3.0022,190.67,.70492,2.5,172,6,5,"football",43168,1,0,0,1,.1700001,18,.3839998,-531.5,-1,2.906977
8808,1100,0,0,335,1,1,2.8913,926.8,1,3.21,181,6,30,"football",43205,0,0,0,1,,,,,,16.57458
8901,1100,12,3.08,335,0,0,2.4553,989.5,1,1.92,181,6,30,"football",43205,1,0,0,1,-1.29,12,-.4359999,62.70001,-1,16.57458
8808,1000,0,0,860,1,1,2.7248,870,.81818,2.14,154,2,5,"track",43892,0,1,1,0,,,,,,3.246753
8901,1000,14,2.14,860,1,0,2.6642,1303.5,.81818,1.86,154,2,5,"track",43892,1,1,1,0,-.2800001,14,-.0606,433.5,0,3.246753
8808,980,0,0,402,1,1,2.4605,1390.6,.84906,.94,151,2,30,"track",44005,0,0,1,0,,,,,,19.86755
8901,980,17,.94,402,1,0,2.6861,967.2,.84906,1.47,151,2,30,"track",44005,1,0,1,0,.53,17,.2256,-423.4,0,19.86755
8808,750,95,2.47,960,1,0,3.2197,78,1.02703,3.17,30,6,10,"bball",44165,0,1,0,1,,,,,,33.33333
8901,750,113,2.58,960,1,0,2.9878,56.75,1.02703,2.5,30,6,10,"bball",44165,1,1,0,1,-.6700001,18,-.2319002,-21.25,0,33.33333
8808,820,0,0,960,1,1,2.4185,1208.4,1,1.71,35,6,11,"football",44224,0,0,0,1,,,,,,31.42857
8901,820,15,1.53,960,0,0,2.64,800.8,1,2.6,35,6,11,"football",44224,1,0,0,1,.8899999,15,.2215002,-407.6,-1,31.42857
8808,900,75,1.93,532,1,0,2.8782,335.14,.8,2.88,149,6,38,"track",44397,0,0,0,1,,,,,,25.50336
8901,900,92,2.1,532,1,0,2.8385,619.5,.8,2.13,149,6,38,"track",44397,1,0,0,1,-.75,17,-.0397,284.36,0,25.50336
8808,1040,33,3.06,531,1,0,2.7583,978.17,.73333,3.06,94,6,6,"swim",44548,0,1,0,1,,,,,,6.382979
8901,1040,49,3.06,531,1,0,2.8127,855,.73333,3.12,94,6,6,"swim",44548,1,1,0,1,.0599999,16,.0544,-123.17,0,6.382979
8808,710,0,0,601,1,1,2.8438,578.71,.86842,1.75,258,2,129,"bball",44571,0,1,1,0,,,,,,50
8901,710,15,1.86,601,1,0,3.0921,979.71,.86842,2.27,258,2,129,"bball",44571,1,1,1,0,.52,15,.2482998,401,0,50
8808,1020,92,3.14,505,1,0,2.7662,436.75,.75862,3.5,560,6,32,"swim",44657,0,1,0,1,,,,,,5.714286
8901,1020,104,3.18,505,1,0,2.6149,67.33,.75862,3,560,6,32,"swim",44657,1,1,0,1,-.5,12,-.1513,-369.42,0,5.714286
8808,980,91,2.19,517,1,0,2.5915,159.75,.96,2.25,299,6,42,"soccer",44705,0,0,0,1,,,,,,14.04682
8901,980,103,2.2,517,0,0,2.9004,532.17,.96,2.88,299,6,42,"soccer",44705,1,0,0,1,.6300001,12,.3088999,372.42,-1,14.04682
8808,990,0,0,356,0,1,2.8107,1061.5,.98,3.65,425,6,30,"tennis",44718,0,1,0,1,,,,,,7.058824
8901,990,15,3.6,356,1,0,2.6441,1161.5,.98,2.59,425,6,30,"tennis",44718,1,1,0,1,-1.06,15,-.1666,100,1,7.058824
8808,950,68,2,445,1,0,2.9893,548.8,.93878,2.75,265,6,43,"football",44754,0,0,0,1,,,,,,16.22642
8901,950,83,2.13,445,0,0,2.7508,200.67,.93878,2.14,265,6,43,"football",44754,1,0,0,1,-.6099999,15,-.2385001,-348.13,-1,16.22642
8808,960,95,3.01,531,1,0,3.0076,335.67,.95918,2.82,10,6,1,"swim",44917,0,1,0,1,,,,,,10
8901,960,112,2.98,531,1,0,2.7728,259.8,.95918,3,10,6,1,"swim",44917,1,1,0,1,.1800001,17,-.2348001,-75.87003,0,10
8808,1100,33,2.39,640,1,0,2.5962,508.2,.80328,2.73,742,6,31,"swim",45133,0,0,0,1,,,,,,4.177897
8901,1100,48,2.5,640,1,0,2.631,719.67,.80328,3,742,6,31,"swim",45133,1,0,0,1,.27,15,.0348001,211.47,0,4.177897
8808,910,0,0,402,1,1,2.3003,1208.25,.93617,3.31,139,6,6,"soccer",45153,0,0,0,1,,,,,,4.316547
8901,910,16,3.31,640,0,0,2.5836,1079.4,.93617,3.38,139,6,6,"soccer",45153,1,0,0,1,.0700002,16,.2833002,-128.85,-1,4.316547
8808,680,49,2.22,960,0,0,2.7848,422.8,1,2,658,6,246,"golf",45161,0,0,0,1,,,,,,37.38602
8901,680,64,2.17,960,1,0,2.7833,192.5,1,2.25,658,6,246,"golf",45161,1,0,0,1,.25,15,-.0015001,-230.3,1,37.38602
8808,1130,0,0,601,1,1,2.4272,714,.94828,1.5,87,6,61,"soccer",45166,0,0,0,1,,,,,,70.11494
8901,1130,12,1.5,601,0,0,2.4906,614.6,.94828,1.79,87,6,61,"soccer",45166,1,0,0,1,.29,12,.0634,-99.40002,-1,70.11494
8808,1010,29,2,538,1,0,2.7572,1151.2,.80357,2.69,553,6,169,"track",45192,0,0,0,1,,,,,,30.56058
8901,1010,42,2.21,538,1,0,2.9019,610.2,.80357,2.5,553,6,169,"track",45192,1,0,0,1,-.1900001,13,.1447001,-540.9999,0,30.56058
8808,990,36,2.05,820,1,0,2.7821,704,.7069,1.73,599,6,253,"swim",45210,0,0,0,1,,,,,,42.23706
8901,990,47,1.97,820,1,0,2.4685,988.67,.7069,2,599,6,253,"swim",45210,1,0,0,1,.27,11,-.3136001,284.67,0,42.23706
8808,1080,0,0,520,1,1,2.3463,1281.75,.92857,1.86,640,6,267,"soccer",45248,0,0,0,1,,,,,,41.71875
8901,1080,14,1.85,520,0,0,2.5223,1215.17,.92857,1.81,640,6,267,"soccer",45248,1,0,0,1,-.0500001,14,.1760001,-66.57996,-1,41.71875
8808,860,1,4,375,1,0,2.9254,1233.29,.72,1.88,373,6,264,"football",45395,0,0,0,1,,,,,,70.77748
8901,860,16,2.12,375,0,0,2.5152,1563.75,.72,1.75,373,6,264,"football",45395,1,0,0,1,-.13,15,-.4102001,330.46,-1,70.77748
8808,790,0,0,531,0,1,2.3858,1509.2,.92683,1.82,624,6,285,"baseball",45685,0,0,0,1,,,,,,45.67308
8901,790,15,1.8,531,1,0,2.7259,1204.67,.92683,2.38,624,6,285,"baseball",45685,1,0,0,1,.5600001,15,.3401,-304.5299,1,45.67308
8808,1070,0,0,635,1,1,2.395,1358.6,.94545,1.41,361,6,182,"swim",45874,0,0,0,1,,,,,,50.41551
8901,1070,15,1.33,635,1,0,2.7179,1363.75,.94545,.9,361,6,182,"swim",45874,1,0,0,1,-.51,15,.3229001,5.150024,0,50.41551
8808,850,0,0,895,1,1,2.5805,1061,.88889,1.64,224,5,191,"track",46005,0,1,0,0,,,,,,85.26786
8901,850,15,1.73,895,1,0,2.8087,1308,.88889,1.85,224,5,191,"track",46005,1,1,0,0,.21,15,.2282002,247,0,85.26786
8808,1070,38,3.36,818,1,0,2.6263,283.6,.94545,3,481,2,33,"track",46058,0,1,1,0,,,,,,6.860707
8901,1070,55,3.25,818,1,0,2.7338,480,.94545,2.8,481,2,33,"track",46058,1,1,1,0,-.2,17,.1074998,196.4,0,6.860707
8808,840,0,0,601,1,1,2.5262,1230.75,.95349,1.73,456,6,149,"soccer",46068,0,0,0,1,,,,,,32.67544
8901,840,13,1.53,601,0,0,3.1137,866.83,.95349,3.06,456,6,149,"soccer",46068,1,0,0,1,1.33,13,.5874999,-363.92,-1,32.67544
8808,870,59,2.16,317,1,0,2.9878,323,1.07143,2.25,312,6,230,"football",46146,0,0,0,1,,,,,,73.71795
8901,870,71,2.18,317,0,0,2.7057,72,1.07143,1.75,312,6,230,"football",46146,1,0,0,1,-.5,12,-.2821,-251,-1,73.71795
8808,990,28,1.96,818,1,0,2.6091,437.6,.62295,1.94,500,6,73,"swim",46239,0,0,0,1,,,,,,14.6
8901,990,44,1.95,818,1,0,2.5235,851.8,.62295,2.19,500,6,73,"swim",46239,1,0,0,1,.25,16,-.0856001,414.2,0,14.6
8808,710,30,2.1,350,1,0,2.7473,1131.5,1.21875,1.58,456,2,182,"track",46247,0,1,1,0,,,,,,39.91228
8901,710,42,1.95,347,1,0,2.9964,691.6,1.21875,2.38,456,2,182,"track",46247,1,1,1,0,.8000001,12,.2491002,-439.9,0,39.91228
8808,760,0,0,960,0,1,2.8348,920.86,.9,1.88,235,6,143,"baseball",46294,0,0,0,1,,,,,,60.85106
8901,760,15,1.8,531,1,0,2.7264,1217,.9,.88,235,6,143,"baseball",46294,1,0,0,1,-1,15,-.1084001,296.14,1,60.85106
8808,770,0,0,310,1,1,2.7998,1068,.925,2.15,512,6,339,"track",46348,0,1,0,1,,,,,,66.21094
8901,770,12,2.25,310,1,0,2.9711,938.75,.925,2.5,512,6,339,"track",46348,1,1,0,1,.3499999,12,.1713002,-129.25,0,66.21094
8808,890,28,1.92,538,1,0,2.6096,733,.85417,2.5,718,6,429,"soccer",46563,0,0,0,1,,,,,,59.7493
8901,890,40,2.1,538,0,0,2.6545,853.67,.85417,2.63,718,6,429,"soccer",46563,1,0,0,1,.1300001,12,.0448999,120.67,-1,59.7493
8808,910,83,2.13,531,1,0,2.8147,398.33,.82,1.5,595,6,448,"soccer",46717,0,0,0,1,,,,,,75.29412
8901,910,101,2.01,531,0,0,3.0615,322.29,.82,2.29,595,6,448,"soccer",46717,1,0,0,1,.79,18,.2468002,-76.03998,-1,75.29412
8808,1020,63,2.6,455,1,0,2.5607,322.5,.88889,2.42,10,6,1,"soccer",46765,0,0,0,1,,,,,,10
8901,1020,75,2.57,455,0,0,2.8106,250.17,.88889,2.69,10,6,1,"soccer",46765,1,0,0,1,.27,12,.2499001,-72.33,-1,10
8808,1060,29,3.58,517,1,0,2.6992,776.75,.82759,3,542,6,72,"football",46775,0,0,0,1,,,,,,13.28413
8901,1060,41,3.41,517,0,0,2.527,1085.75,.82759,2.75,542,6,72,"football",46775,1,0,0,1,-.25,12,-.1722,309,-1,13.28413
8808,860,0,0,101,1,1,2.3843,250.25,.65385,.92,509,6,315,"football",46778,0,0,0,1,,,,,,61.88605
8901,860,13,.92,101,0,0,2.7565,1084.2,.65385,2,509,6,315,"football",46778,1,0,0,1,1.08,13,.3722,833.95,-1,61.88605
8808,920,0,0,960,1,1,2.4768,1151.5,.76923,2.27,509,6,106,"track",46795,0,0,0,1,,,,,,20.82515
8901,920,15,2.26,347,1,0,2.6008,1003.17,.76923,2.5,509,6,106,"track",46795,1,0,0,1,.23,15,.1240001,-148.33,0,20.82515
8808,910,0,0,660,1,1,2.391,1196.83,.625,2.8,69,2,12,"track",46887,0,1,1,0,,,,,,17.3913
8901,910,18,2.77,660,1,0,2.6593,1060.83,.625,2.63,69,2,12,"track",46887,1,1,1,0,-.1699998,18,.2683001,-136,0,17.3913
8808,700,57,2.05,538,1,0,2.9255,493.25,.66667,2.5,625,2,202,"track",46948,0,0,1,0,,,,,,32.32
8901,700,69,2.13,538,1,0,3.0539,447,.66667,2.5,625,2,202,"track",46948,1,0,1,0,0,12,.1284001,-46.25,0,32.32
8808,1170,64,2.21,445,1,0,2.6344,414.4,.74627,2.17,177,6,53,"football",47220,0,0,0,1,,,,,,29.9435
8901,1170,76,2.21,445,0,0,2.8945,206.6,.74627,2.8,177,6,53,"football",47220,1,0,0,1,.6299999,12,.2601001,-207.8,-1,29.9435
8808,1010,27,2.44,660,1,0,2.7771,240.6,.83636,2.2,322,6,168,"swim",47225,0,0,0,1,,,,,,52.17391
8901,1010,42,2.35,660,1,0,3.1293,159.5,.83636,2.5,322,6,168,"swim",47225,1,0,0,1,.3,15,.3522,-81.10001,0,52.17391
8808,700,0,0,960,1,1,2.6287,549.5,.89189,2.5,200,1,80,"track",47367,0,1,0,0,,,,,,40
8901,700,12,2.5,960,1,0,2.7945,862.8,.89189,2.8,200,1,80,"track",47367,1,1,0,0,.3,12,.1658001,313.3,0,40
