marr,wage,exper,age,coll,games,minutes,guard,forward,center,points,rebounds,assists,draft,allstar,avgmin,lwage,black,children,expersq,agesq,marrblck
1.00,1.00,4.00,27.00,4.00,77.00,2867.00,1.00,0.00,0.00,15.50,3.90,4.50,19.00,0.00,37.23,2.31,1.00,0.00,16.00,729,1
1.00,2.03,5.00,28.00,4.00,78.00,2789.00,1.00,0.00,0.00,13.30,2.50,8.80,28.00,0.00,35.76,3.01,1.00,1.00,25.00,784,1
0.00,0.65,1.00,25.00,4.00,74.00,1149.00,0.00,0.00,1.00,5.50,3.30,0.20,19.00,0.00,15.53,1.87,1.00,0.00,1.00,625,0
1.00,1.05,5.00,29.00,4.00,82.00,2322.00,1.00,0.00,0.00,11.60,4.00,,21.00,0.00,28.32,2.35,1.00,1.00,25.00,841,1
0.00,2.03,5.00,28.00,4.00,47.00,1178.00,0.00,1.00,0.00,7.30,5.10,1.50,1.00,0.00,25.06,3.01,1.00,0.00,25.00,784,0
0.00,0.75,3.00,24.00,4.00,82.00,2096.00,1.00,0.00,0.00,10.80,4.30,2.60,24.00,0.00,25.56,2.02,1.00,0.00,9.00,576,0
0.00,2.01,9.00,31.00,4.00,82.00,1971.00,0.00,1.00,0.00,11.30,4.90,1.50,4.00,0.00,24.04,3.00,1.00,0.00,81.00,961,0
1.00,1.06,1.00,28.00,0.00,80.00,2303.00,0.00,1.00,0.00,15.10,7.20,1.40,40.00,0.00,28.79,2.37,0.00,0.00,1.00,784,0
0.00,0.42,3.00,27.00,3.00,67.00,1131.00,0.00,1.00,0.00,6.60,4.20,0.70,47.00,0.00,16.88,1.44,1.00,0.00,9.00,729,0
1.00,0.15,1.00,25.00,4.00,60.00,542.00,1.00,0.00,0.00,3.10,0.70,2.00,0.00,0.00,9.03,0.41,1.00,0.00,1.00,625,1
1.00,3.05,12.00,35.00,3.00,74.00,2700.00,0.00,1.00,0.00,26.00,6.50,2.30,3.00,1.00,36.49,3.42,1.00,1.00,144.00,1225,1
1.00,1.03,9.00,31.00,4.00,70.00,2337.00,1.00,0.00,0.00,12.10,2.60,6.90,66.00,0.00,33.39,2.33,1.00,1.00,81.00,961,1
0.00,0.18,2.00,25.00,4.00,74.00,983.00,1.00,0.00,0.00,3.40,1.20,2.20,35.00,0.00,13.28,0.60,0.00,0.00,4.00,625,0
1.00,0.90,7.00,29.00,4.00,77.00,2746.00,1.00,0.00,0.00,10.80,4.10,10.10,12.00,0.00,35.66,2.20,1.00,1.00,49.00,841,1
0.00,0.85,1.00,23.00,4.00,51.00,767.00,0.00,1.00,0.00,4.80,2.60,1.20,20.00,0.00,15.04,2.14,1.00,0.00,1.00,529,0
1.00,1.00,8.00,30.00,4.00,82.00,2173.00,1.00,0.00,0.00,16.30,3.20,2.70,15.00,0.00,26.50,2.31,1.00,1.00,64.00,900,1
1.00,,7.00,30.00,4.00,77.00,1644.00,0.00,1.00,0.00,7.70,4.60,1.20,55.00,0.00,21.35,,1.00,1.00,49.00,900,1
1.00,2.04,6.00,28.00,4.00,82.00,2648.00,1.00,0.00,0.00,14.40,4.60,2.60,6.00,0.00,32.29,3.02,1.00,1.00,36.00,784,1
1.00,3.13,3.00,25.00,4.00,51.00,1757.00,0.00,1.00,0.00,16.40,8.80,3.60,1.00,1.00,34.45,3.44,1.00,0.00,9.00,625,1
0.00,3.12,2.00,24.00,4.00,60.00,2018.00,0.00,0.00,1.00,21.50,10.20,1.40,2.00,1.00,33.63,3.44,1.00,0.00,4.00,576,0
0.00,4.00,18.00,41.00,4.00,74.00,1987.00,0.00,0.00,1.00,11.70,7.30,1.10,8.00,0.00,26.85,3.69,1.00,0.00,324.00,1681,0
0.00,0.57,8.00,30.00,4.00,50.00,1005.00,1.00,0.00,0.00,6.20,2.70,2.10,44.00,0.00,20.10,1.74,1.00,0.00,64.00,900,0
0.00,0.62,6.00,27.00,4.00,82.00,2770.00,1.00,0.00,0.00,14.80,2.10,4.00,18.00,1.00,33.78,1.82,1.00,0.00,36.00,729,0
0.00,,1.00,25.00,4.00,67.00,690.00,0.00,1.00,0.00,3.00,2.90,0.80,25.00,0.00,10.30,,1.00,0.00,1.00,625,0
0.00,0.15,3.00,25.00,4.00,36.00,419.00,1.00,0.00,0.00,3.60,1.30,1.00,0.00,0.00,11.64,0.41,1.00,0.00,9.00,625,0
1.00,4.00,8.00,31.00,0.00,75.00,2856.00,1.00,0.00,0.00,20.10,6.10,4.60,8.00,0.00,38.08,3.69,1.00,1.00,64.00,961,1
1.00,0.15,7.00,29.00,4.00,82.00,2036.00,1.00,0.00,0.00,,1.60,2.60,50.00,0.00,24.83,0.41,0.00,1.00,49.00,841,0
0.00,0.15,8.00,30.00,4.00,34.00,682.00,0.00,1.00,0.00,5.10,3.60,1.00,28.00,0.00,20.06,0.41,0.00,0.00,64.00,900,0
1.00,1.01,1.00,26.00,0.00,75.00,1808.00,0.00,1.00,0.00,10.90,4.00,3.40,29.00,0.00,24.11,2.31,0.00,1.00,1.00,676,0
1.00,1.06,4.00,26.00,4.00,76.00,1502.00,0.00,0.00,1.00,6.90,5.70,1.40,7.00,0.00,19.76,2.36,0.00,1.00,16.00,676,0
1.00,1.02,7.00,29.00,4.00,43.00,397.00,0.00,0.00,1.00,2.70,2.90,0.80,11.00,0.00,9.23,2.32,0.00,0.00,49.00,841,0
1.00,3.01,8.00,29.00,4.00,72.00,2759.00,1.00,0.00,0.00,22.00,8.70,5.60,5.00,1.00,38.32,3.40,1.00,1.00,64.00,841,1
1.00,0.15,8.00,31.00,4.00,76.00,1371.00,0.00,0.00,1.00,7.10,4.60,0.90,16.00,0.00,18.04,0.41,0.00,1.00,64.00,961,0
1.00,1.12,9.00,31.00,4.00,51.00,814.00,1.00,0.00,0.00,6.60,0.80,1.60,84.00,0.00,15.96,2.42,1.00,0.00,81.00,961,1
0.00,0.84,3.00,24.00,3.00,73.00,1548.00,1.00,0.00,0.00,8.30,2.20,3.80,11.00,0.00,21.21,2.13,1.00,0.00,9.00,576,0
0.00,1.05,10.00,32.00,4.00,82.00,1708.00,0.00,1.00,0.00,4.60,5.40,0.50,14.00,0.00,20.83,2.35,1.00,0.00,100.00,1024,0
1.00,3.54,8.00,28.00,4.00,50.00,1838.00,0.00,0.00,1.00,17.00,10.20,3.00,1.00,0.00,36.76,3.57,1.00,1.00,64.00,784,1
0.00,3.54,4.00,27.00,4.00,70.00,965.00,0.00,1.00,0.00,5.00,2.00,1.10,2.00,0.00,13.79,3.57,0.00,0.00,16.00,729,0
0.00,1.08,4.00,26.00,4.00,57.00,1447.00,0.00,1.00,0.00,10.60,8.80,0.80,11.00,0.00,25.39,2.37,1.00,0.00,16.00,676,0
1.00,0.47,1.00,25.00,4.00,22.00,149.00,1.00,0.00,0.00,1.60,0.50,0.90,0.00,0.00,6.77,1.56,1.00,0.00,1.00,625,1
0.00,0.85,1.00,24.00,4.00,79.00,2022.00,0.00,1.00,0.00,9.40,5.10,1.60,22.00,0.00,25.59,2.14,1.00,0.00,1.00,576,0
1.00,0.31,3.00,24.00,4.00,72.00,1531.00,1.00,0.00,0.00,8.30,2.90,1.80,45.00,0.00,21.26,1.14,1.00,1.00,9.00,576,1
1.00,2.85,8.00,30.00,4.00,76.00,2386.00,1.00,0.00,0.00,17.30,3.00,7.80,25.00,1.00,31.39,3.35,0.00,1.00,64.00,900,0
1.00,2.28,9.00,31.00,4.00,82.00,2768.00,1.00,0.00,0.00,14.30,3.70,3.10,47.00,0.00,33.76,3.13,1.00,1.00,81.00,961,1
1.00,4.57,8.00,32.00,4.00,76.00,2660.00,0.00,1.00,0.00,13.70,7.60,2.50,45.00,0.00,35.00,3.82,1.00,0.00,64.00,1024,1
0.00,1.20,6.00,27.00,4.00,15.00,286.00,0.00,1.00,0.00,3.70,4.90,0.40,0.00,0.00,19.07,2.48,1.00,0.00,36.00,729,0
0.00,0.35,2.00,24.00,4.00,77.00,1165.00,1.00,0.00,0.00,5.40,2.00,1.40,28.00,0.00,15.13,1.25,1.00,0.00,4.00,576,0
0.00,0.84,4.00,25.00,3.00,50.00,428.00,0.00,0.00,1.00,2.70,1.90,0.60,33.00,0.00,8.56,2.13,1.00,0.00,16.00,625,0
0.00,2.00,3.00,24.00,3.00,82.00,3066.00,1.00,0.00,0.00,19.20,4.70,4.60,4.00,0.00,37.39,3.00,1.00,0.00,9.00,576,0
0.00,0.28,2.00,24.00,4.00,81.00,1773.00,0.00,1.00,0.00,5.80,7.50,1.20,41.00,0.00,21.89,1.01,1.00,0.00,4.00,576,0
0.00,2.03,2.00,22.00,3.00,79.00,2896.00,0.00,1.00,0.00,19.20,4.50,3.40,4.00,1.00,36.66,3.01,1.00,0.00,4.00,484,0
0.00,0.49,3.00,24.00,4.00,47.00,1255.00,0.00,0.00,1.00,11.40,5.50,1.00,30.00,0.00,26.70,1.59,1.00,0.00,9.00,576,0
0.00,1.06,4.00,25.00,4.00,79.00,1684.00,0.00,1.00,0.00,8.80,4.40,1.50,6.00,0.00,21.32,2.37,1.00,0.00,16.00,625,0
0.00,0.25,7.00,28.00,4.00,16.00,158.00,1.00,0.00,0.00,1.30,0.60,1.40,46.00,0.00,9.88,0.92,1.00,0.00,49.00,784,0
0.00,1.08,3.00,25.00,2.00,80.00,2617.00,1.00,0.00,0.00,18.00,2.10,4.50,3.00,0.00,32.71,2.38,1.00,1.00,9.00,625,0
1.00,2.16,2.00,24.00,4.00,79.00,2699.00,0.00,1.00,0.00,15.40,8.70,2.10,5.00,0.00,34.16,3.07,1.00,0.00,4.00,576,1
1.00,0.60,5.00,27.00,4.00,74.00,877.00,0.00,1.00,0.00,4.10,2.70,0.50,0.00,0.00,11.85,1.79,1.00,0.00,25.00,729,1
0.00,0.15,1.00,23.00,4.00,38.00,285.00,1.00,0.00,0.00,1.90,0.90,0.40,34.00,0.00,7.50,0.41,1.00,0.00,1.00,529,0
0.00,3.00,3.00,28.00,4.00,82.00,2853.00,0.00,0.00,1.00,12.00,11.90,1.50,4.00,0.00,34.79,3.40,1.00,0.00,9.00,784,0
0.00,,2.00,25.00,4.00,66.00,1382.00,1.00,0.00,0.00,9.60,1.90,5.40,0.00,0.00,20.94,,1.00,1.00,4.00,625,0
1.00,1.20,1.00,23.00,3.00,79.00,1406.00,0.00,1.00,0.00,8.10,2.90,1.30,9.00,0.00,17.80,2.48,1.00,0.00,1.00,529,1
0.00,1.10,1.00,24.00,4.00,82.00,2853.00,1.00,0.00,0.00,12.50,4.20,2.40,13.00,0.00,34.79,2.40,1.00,0.00,1.00,576,0
0.00,1.24,2.00,25.00,3.00,80.00,1507.00,0.00,1.00,0.00,8.00,5.60,0.60,10.00,0.00,18.84,2.52,1.00,1.00,4.00,625,0
1.00,1.26,6.00,30.00,4.00,82.00,2654.00,0.00,1.00,0.00,13.00,,3.60,0.00,0.00,32.37,2.53,1.00,0.00,36.00,900,1
1.00,1.28,9.00,31.00,4.00,69.00,2591.00,1.00,0.00,0.00,20.40,2.20,3.80,18.00,0.00,37.55,2.55,1.00,1.00,81.00,961,1
0.00,0.74,1.00,23.00,4.00,79.00,1519.00,1.00,0.00,0.00,8.50,1.50,1.30,11.00,0.00,19.23,1.99,1.00,0.00,1.00,529,0
0.00,0.90,1.00,24.00,4.00,82.00,2172.00,1.00,0.00,0.00,10.30,2.30,4.80,10.00,0.00,26.49,2.20,1.00,0.00,1.00,576,0
0.00,0.30,5.00,28.00,4.00,71.00,1163.00,0.00,0.00,1.00,5.10,4.00,1.20,17.00,0.00,16.38,1.10,0.00,0.00,25.00,784,0
0.00,1.50,3.00,24.00,4.00,42.00,496.00,1.00,0.00,0.00,3.90,1.00,1.20,8.00,0.00,11.81,2.71,1.00,0.00,9.00,576,0
1.00,0.67,2.00,24.00,4.00,69.00,1786.00,0.00,0.00,1.00,9.20,6.90,3.50,22.00,0.00,25.88,1.91,1.00,1.00,4.00,576,1
0.00,1.62,4.00,27.00,4.00,80.00,2773.00,0.00,1.00,0.00,17.30,8.40,1.50,16.00,0.00,34.66,2.78,1.00,0.00,16.00,729,0
1.00,1.00,11.00,34.00,4.00,82.00,1230.00,0.00,0.00,1.00,4.70,3.60,0.40,30.00,0.00,15.00,2.30,1.00,0.00,121.00,1156,1
1.00,1.16,4.00,24.00,4.00,69.00,1318.00,0.00,1.00,0.00,8.70,4.50,1.00,17.00,0.00,19.10,2.45,1.00,1.00,16.00,576,1
0.00,1.12,4.00,27.00,4.00,82.00,1296.00,0.00,1.00,0.00,8.20,4.90,0.50,16.00,0.00,15.80,2.42,1.00,0.00,16.00,729,0
1.00,3.34,6.00,28.00,4.00,,,1.00,0.00,0.00,,,,14.00,0.00,,3.51,1.00,1.00,36.00,784,1
0.00,0.25,3.00,26.00,4.00,76.00,1097.00,1.00,0.00,0.00,5.70,1.20,2.90,0.00,0.00,14.43,0.92,1.00,0.00,9.00,676,0
1.00,2.84,10.00,31.00,4.00,62.00,2324.00,0.00,1.00,0.00,16.80,5.60,5.10,7.00,1.00,37.48,3.35,0.00,1.00,100.00,961,0
1.00,2.41,4.00,25.00,3.00,79.00,2738.00,0.00,1.00,0.00,15.00,8.10,4.10,3.00,0.00,34.66,3.18,1.00,1.00,16.00,625,1
1.00,2.10,13.00,35.00,4.00,51.00,1022.00,1.00,0.00,0.00,14.50,1.60,1.80,18.00,0.00,20.04,3.04,1.00,1.00,169.00,1225,1
1.00,0.70,3.00,24.00,4.00,82.00,3533.00,1.00,0.00,0.00,21.00,4.90,4.70,24.00,1.00,43.09,1.95,1.00,0.00,9.00,576,1
0.00,1.60,2.00,21.00,2.00,76.00,2438.00,0.00,1.00,0.00,17.50,9.10,3.60,1.00,1.00,32.08,2.77,1.00,0.00,4.00,441,0
1.00,0.52,7.00,29.00,4.00,73.00,1225.00,1.00,0.00,0.00,5.20,1.40,2.00,0.00,0.00,16.78,1.66,0.00,0.00,49.00,841,0
0.00,0.65,2.00,24.00,4.00,66.00,1122.00,1.00,0.00,0.00,6.70,2.00,2.90,24.00,0.00,17.00,1.87,1.00,0.00,4.00,576,0
0.00,0.79,5.00,31.00,4.00,67.00,1606.00,1.00,0.00,0.00,9.30,2.70,3.10,0.00,0.00,23.97,2.07,1.00,0.00,25.00,961,0
0.00,1.10,4.00,28.00,3.00,75.00,1292.00,0.00,1.00,0.00,4.70,3.80,0.50,0.00,0.00,17.23,2.40,1.00,0.00,16.00,784,0
0.00,1.20,3.00,24.00,4.00,81.00,2370.00,0.00,1.00,0.00,9.90,5.40,2.90,11.00,0.00,29.26,2.48,1.00,0.00,9.00,576,0
0.00,1.54,7.00,29.00,4.00,75.00,2571.00,1.00,0.00,0.00,13.60,5.10,5.10,47.00,0.00,34.28,2.74,1.00,1.00,49.00,841,0
0.00,3.17,11.00,31.00,4.00,80.00,3277.00,0.00,0.00,1.00,27.30,11.90,3.60,1.00,1.00,40.96,3.46,1.00,0.00,121.00,961,0
0.00,0.22,2.00,24.00,4.00,47.00,219.00,0.00,0.00,1.00,1.90,1.30,0.20,0.00,0.00,4.66,0.81,1.00,0.00,4.00,576,0
1.00,2.28,8.00,29.00,4.00,78.00,2209.00,1.00,0.00,0.00,11.60,4.20,4.20,6.00,0.00,28.32,3.13,1.00,1.00,64.00,841,1
0.00,2.43,11.00,32.00,4.00,82.00,2909.00,0.00,1.00,0.00,14.00,10.60,2.30,9.00,0.00,35.48,3.19,1.00,0.00,121.00,1024,0
0.00,1.05,1.00,23.00,4.00,64.00,759.00,1.00,0.00,0.00,5.30,1.10,1.20,13.00,0.00,11.86,2.35,1.00,0.00,1.00,529,0
0.00,0.15,1.00,24.00,4.00,49.00,923.00,0.00,1.00,0.00,8.70,3.10,0.60,0.00,0.00,18.84,0.41,1.00,0.00,1.00,576,0
0.00,1.10,6.00,29.00,4.00,78.00,1533.00,1.00,0.00,0.00,7.50,1.80,3.70,15.00,0.00,19.65,2.40,1.00,0.00,36.00,841,0
0.00,0.15,1.00,23.00,2.00,37.00,871.00,0.00,1.00,0.00,6.90,,1.00,0.00,0.00,23.54,0.41,1.00,1.00,1.00,529,0
0.00,1.69,5.00,28.00,4.00,37.00,1022.00,1.00,0.00,0.00,10.00,3.00,6.40,10.00,0.00,27.62,2.83,1.00,0.00,25.00,784,0
0.00,2.84,3.00,24.00,4.00,14.00,350.00,0.00,0.00,1.00,7.40,6.60,0.80,23.00,0.00,25.00,3.35,1.00,1.00,9.00,576,0
0.00,1.02,2.00,24.00,4.00,43.00,623.00,0.00,1.00,0.00,6.60,2.70,1.10,14.00,0.00,14.49,2.33,1.00,1.00,4.00,576,0
1.00,0.57,2.00,25.00,4.00,76.00,1930.00,0.00,0.00,1.00,8.90,5.50,1.00,25.00,0.00,25.39,1.74,1.00,0.00,4.00,625,1
0.00,1.23,4.00,26.00,4.00,75.00,2118.00,0.00,1.00,0.00,11.70,8.70,1.00,13.00,0.00,28.24,2.51,1.00,1.00,16.00,676,0
0.00,0.65,2.00,24.00,4.00,40.00,352.00,1.00,0.00,0.00,3.60,0.70,1.80,16.00,0.00,8.80,1.87,1.00,0.00,4.00,576,0
0.00,0.15,1.00,25.00,4.00,53.00,535.00,0.00,0.00,1.00,2.10,2.20,0.30,0.00,0.00,10.09,0.41,0.00,0.00,1.00,625,0
1.00,3.20,9.00,33.00,4.00,25.00,556.00,0.00,0.00,1.00,8.90,5.20,1.90,2.00,0.00,22.24,3.47,0.00,0.00,81.00,1089,0
0.00,1.70,4.00,26.00,4.00,76.00,2253.00,0.00,1.00,0.00,12.30,6.80,1.10,27.00,0.00,29.64,2.83,1.00,1.00,16.00,676,0
0.00,1.44,2.00,24.00,4.00,65.00,1515.00,1.00,0.00,0.00,10.30,3.60,2.10,17.00,0.00,23.31,2.67,0.00,0.00,4.00,576,0
1.00,4.13,5.00,26.00,0.00,79.00,2685.00,0.00,0.00,1.00,14.20,10.80,3.90,26.00,0.00,33.99,3.72,0.00,0.00,25.00,676,0
0.00,0.15,1.00,24.00,4.00,27.00,247.00,0.00,1.00,0.00,2.60,2.20,0.20,0.00,0.00,9.15,0.41,1.00,1.00,1.00,576,0
0.00,1.10,1.00,24.00,4.00,71.00,1762.00,0.00,1.00,0.00,9.50,5.80,1.30,12.00,0.00,24.82,2.40,1.00,0.00,1.00,576,0
0.00,0.91,2.00,25.00,4.00,30.00,923.00,1.00,0.00,0.00,14.10,3.60,3.10,15.00,0.00,30.77,2.21,1.00,0.00,4.00,625,0
0.00,0.80,4.00,26.00,4.00,73.00,1617.00,1.00,0.00,0.00,8.80,2.70,2.00,51.00,0.00,22.15,2.08,1.00,0.00,16.00,676,0
0.00,2.40,11.00,33.00,4.00,81.00,2278.00,1.00,0.00,0.00,11.90,1.90,4.20,139.00,0.00,28.12,3.18,1.00,0.00,121.00,1089,0
0.00,0.15,1.00,23.00,4.00,81.00,2700.00,1.00,0.00,0.00,13.60,2.90,5.70,37.00,1.00,33.33,0.41,1.00,0.00,1.00,529,0
1.00,1.85,12.00,33.00,3.00,80.00,1597.00,0.00,1.00,0.00,10.20,2.30,1.90,1.00,0.00,19.96,2.92,1.00,0.00,144.00,1089,1
0.00,2.00,4.00,25.00,4.00,53.00,1601.00,0.00,1.00,0.00,19.10,6.50,1.70,48.00,0.00,30.21,3.00,1.00,1.00,16.00,625,0
0.00,0.31,4.00,27.00,4.00,37.00,319.00,1.00,0.00,0.00,2.30,2.20,0.30,0.00,0.00,8.62,1.14,1.00,0.00,16.00,729,0
0.00,1.00,4.00,26.00,4.00,53.00,697.00,1.00,0.00,0.00,7.00,2.60,0.70,9.00,0.00,13.15,2.30,1.00,0.00,16.00,676,0
1.00,0.15,4.00,26.00,4.00,76.00,1726.00,1.00,0.00,,7.70,2.10,3.50,40.00,0.00,22.71,0.41,1.00,0.00,16.00,676,1
1.00,1.10,7.00,29.00,4.00,75.00,1880.00,0.00,1.00,0.00,11.50,2.20,2.00,63.00,0.00,25.07,2.40,0.00,0.00,49.00,841,0
0.00,0.25,2.00,25.00,4.00,72.00,1199.00,0.00,0.00,1.00,7.20,4.20,0.40,42.00,0.00,16.65,0.92,0.00,0.00,4.00,625,0
1.00,0.92,4.00,27.00,4.00,15.00,66.00,0.00,1.00,0.00,2.20,0.70,0.10,12.00,0.00,4.40,2.22,1.00,0.00,16.00,729,1
1.00,1.41,6.00,28.00,4.00,69.00,2201.00,0.00,1.00,0.00,11.40,7.20,2.50,33.00,0.00,31.90,2.65,1.00,1.00,36.00,784,1
0.00,1.19,2.00,23.00,3.00,63.00,1358.00,1.00,0.00,0.00,10.50,2.50,1.50,12.00,0.00,21.56,2.47,1.00,1.00,4.00,529,0
1.00,2.00,5.00,27.00,4.00,81.00,2999.00,1.00,0.00,0.00,21.10,5.40,2.30,4.00,0.00,37.02,3.00,1.00,0.00,25.00,729,1
1.00,2.45,8.00,30.00,4.00,76.00,1910.00,0.00,1.00,0.00,7.70,5.40,1.70,11.00,0.00,25.13,3.20,0.00,0.00,64.00,900,0
0.00,3.06,6.00,29.00,4.00,72.00,2410.00,0.00,0.00,1.00,15.10,10.20,1.90,9.00,0.00,33.47,3.42,1.00,0.00,36.00,841,0
0.00,2.25,3.00,25.00,4.00,78.00,2776.00,1.00,0.00,0.00,17.30,4.50,5.00,5.00,0.00,35.59,3.11,1.00,0.00,9.00,625,0
0.00,0.87,2.00,23.00,4.00,82.00,2560.00,0.00,1.00,0.00,13.50,7.60,2.00,8.00,0.00,31.22,2.16,1.00,0.00,4.00,529,0
0.00,0.65,3.00,25.00,4.00,72.00,1242.00,1.00,0.00,0.00,6.20,2.00,2.30,21.00,0.00,17.25,1.87,0.00,0.00,9.00,625,0
0.00,0.15,4.00,26.00,4.00,30.00,579.00,0.00,1.00,0.00,7.80,4.60,1.10,0.00,0.00,19.30,0.41,0.00,0.00,16.00,676,0
0.00,1.72,2.00,24.00,4.00,76.00,2127.00,1.00,0.00,0.00,12.70,4.10,1.80,8.00,0.00,27.99,2.85,1.00,0.00,4.00,576,0
1.00,0.67,3.00,24.00,4.00,82.00,1472.00,1.00,0.00,0.00,5.30,1.30,2.60,23.00,0.00,17.95,1.90,1.00,0.00,9.00,576,1
0.00,0.80,4.00,26.00,4.00,82.00,2533.00,1.00,0.00,0.00,15.30,3.20,6.70,21.00,0.00,30.89,2.08,1.00,1.00,16.00,676,0
1.00,1.47,10.00,31.00,4.00,76.00,1524.00,0.00,1.00,0.00,9.60,8.40,0.70,10.00,0.00,20.05,2.69,1.00,0.00,100.00,961,1
0.00,1.38,8.00,31.00,4.00,82.00,1921.00,0.00,0.00,1.00,3.60,5.40,0.80,69.00,0.00,23.43,2.62,1.00,1.00,64.00,961,0
0.00,0.15,1.00,26.00,0.00,5.00,33.00,0.00,1.00,0.00,3.00,3.20,0.40,0.00,0.00,6.60,0.41,1.00,1.00,1.00,676,0
1.00,1.60,5.00,27.00,4.00,49.00,1053.00,0.00,1.00,0.00,7.90,4.90,1.20,6.00,0.00,21.49,2.77,1.00,0.00,25.00,729,1
0.00,2.73,2.00,25.00,4.00,70.00,2428.00,0.00,1.00,0.00,16.80,8.60,4.40,3.00,0.00,34.69,3.31,0.00,1.00,4.00,625,0
0.00,0.38,2.00,25.00,4.00,55.00,626.00,0.00,1.00,0.00,4.50,3.60,0.20,28.00,0.00,11.38,1.32,1.00,0.00,4.00,625,0
0.00,2.00,1.00,23.00,4.00,79.00,2415.00,1.00,0.00,0.00,16.60,4.00,2.60,5.00,1.00,30.57,3.00,1.00,0.00,1.00,529,0
0.00,0.27,2.00,24.00,4.00,80.00,1617.00,1.00,0.00,0.00,5.90,1.50,3.60,34.00,0.00,20.21,0.99,1.00,0.00,4.00,576,0
1.00,1.27,5.00,27.00,4.00,72.00,2182.00,1.00,0.00,0.00,14.70,3.20,2.40,38.00,0.00,30.31,2.55,1.00,0.00,25.00,729,1
1.00,2.08,6.00,28.00,4.00,71.00,2206.00,1.00,0.00,0.00,13.70,3.10,7.20,48.00,0.00,31.07,3.03,1.00,0.00,36.00,784,1
1.00,2.92,3.00,24.00,2.00,82.00,3135.00,1.00,0.00,0.00,18.80,3.90,9.60,2.00,1.00,38.23,3.38,1.00,0.00,9.00,576,1
1.00,3.58,9.00,30.00,3.00,77.00,1817.00,0.00,0.00,1.00,9.30,6.50,0.60,3.00,0.00,23.60,3.58,1.00,0.00,81.00,900,1
1.00,0.60,1.00,25.00,4.00,79.00,1950.00,0.00,1.00,0.00,5.70,6.20,1.20,29.00,0.00,24.68,1.79,1.00,0.00,1.00,625,1
0.00,3.44,4.00,27.00,3.00,77.00,2778.00,0.00,1.00,0.00,20.20,11.30,3.40,1.00,1.00,36.08,3.54,1.00,1.00,16.00,729,0
1.00,1.20,6.00,29.00,4.00,82.00,2727.00,1.00,0.00,0.00,14.00,3.40,2.80,0.00,0.00,33.26,2.48,1.00,0.00,36.00,841,1
0.00,1.20,7.00,30.00,4.00,82.00,1969.00,0.00,,0.00,11.80,6.10,0.90,2.00,0.00,24.01,2.48,1.00,0.00,49.00,900,0
0.00,0.15,3.00,26.00,3.00,29.00,591.00,1.00,0.00,0.00,8.30,2.30,2.30,34.00,0.00,20.38,0.41,1.00,0.00,9.00,676,0
1.00,0.65,13.00,36.00,4.00,28.00,226.00,0.00,1.00,0.00,2.10,1.90,0.20,0.00,0.00,8.07,1.87,1.00,1.00,169.00,1296,1
1.00,1.96,6.00,28.00,4.00,50.00,1349.00,0.00,1.00,0.00,10.90,4.60,1.60,4.00,0.00,26.98,2.98,1.00,1.00,36.00,784,1
1.00,0.92,4.00,26.00,4.00,30.00,319.00,0.00,0.00,1.00,2.30,3.00,0.40,0.00,0.00,10.63,2.22,0.00,0.00,16.00,676,0
0.00,0.65,1.00,24.00,4.00,48.00,386.00,1.00,0.00,0.00,3.40,0.80,1.50,16.00,0.00,8.04,1.87,0.00,0.00,1.00,576,0
0.00,0.95,4.00,26.00,4.00,70.00,877.00,0.00,1.00,0.00,4.60,3.60,0.40,0.00,0.00,12.53,2.25,1.00,1.00,16.00,676,0
1.00,1.27,3.00,26.00,4.00,80.00,1994.00,1.00,0.00,0.00,7.90,2.40,4.60,12.00,0.00,24.92,2.54,1.00,0.00,9.00,676,1
0.00,0.65,4.00,26.00,4.00,73.00,1402.00,0.00,1.00,0.00,5.10,4.70,1.20,23.00,0.00,19.21,1.87,1.00,0.00,16.00,676,0
0.00,0.76,2.00,24.00,4.00,56.00,1333.00,1.00,0.00,0.00,11.00,1.20,3.00,20.00,0.00,23.80,2.03,1.00,0.00,4.00,576,0
1.00,3.63,9.00,32.00,4.00,79.00,2972.00,0.00,0.00,1.00,24.50,11.20,2.30,1.00,1.00,37.62,3.59,1.00,0.00,81.00,1024,1
1.00,2.23,11.00,33.00,3.00,82.00,2204.00,1.00,0.00,0.00,9.60,1.70,4.10,11.00,0.00,26.88,3.11,1.00,1.00,121.00,1089,1
0.00,1.10,5.00,27.00,4.00,73.00,1903.00,0.00,1.00,0.00,7.20,5.80,2.10,0.00,0.00,26.07,2.40,1.00,1.00,25.00,729,0
0.00,2.00,9.00,30.00,4.00,82.00,2932.00,0.00,1.00,0.00,11.80,11.80,2.70,9.00,0.00,35.76,3.00,1.00,1.00,81.00,900,0
1.00,1.10,11.00,33.00,3.00,19.00,499.00,1.00,0.00,0.00,7.50,2.00,5.30,31.00,0.00,26.26,2.40,1.00,0.00,121.00,1089,1
1.00,2.56,6.00,29.00,4.00,43.00,1105.00,0.00,1.00,0.00,10.40,3.80,1.20,3.00,0.00,25.70,3.24,1.00,1.00,36.00,841,1
1.00,1.12,5.00,29.00,4.00,59.00,2057.00,1.00,0.00,0.00,19.00,3.10,5.90,0.00,0.00,34.86,2.42,1.00,1.00,25.00,841,1
1.00,1.60,13.00,36.00,4.00,70.00,774.00,0.00,0.00,1.00,3.30,2.60,0.40,14.00,0.00,11.06,2.77,1.00,1.00,169.00,1296,1
0.00,1.44,2.00,24.00,4.00,65.00,1515.00,1.00,0.00,0.00,10.30,3.60,2.10,17.00,0.00,23.31,2.67,0.00,1.00,4.00,576,0
0.00,2.67,5.00,26.00,3.00,81.00,2811.00,1.00,0.00,0.00,15.80,5.90,3.60,11.00,0.00,34.70,3.28,1.00,0.00,25.00,676,0
0.00,0.65,2.00,24.00,4.00,74.00,1371.00,0.00,1.00,0.00,5.30,4.60,0.90,15.00,0.00,18.53,1.87,1.00,1.00,4.00,576,0
1.00,0.90,5.00,30.00,4.00,70.00,948.00,1.00,0.00,0.00,4.60,1.70,1.50,66.00,0.00,13.54,2.20,1.00,0.00,25.00,900,1
0.00,1.96,7.00,29.00,4.00,70.00,2570.00,0.00,1.00,0.00,15.10,11.00,3.40,10.00,1.00,36.71,2.98,1.00,1.00,49.00,841,0
0.00,1.24,1.00,23.00,3.00,82.00,3015.00,1.00,0.00,0.00,16.00,5.40,6.60,2.00,1.00,36.77,2.52,1.00,1.00,1.00,529,0
1.00,0.99,11.00,33.00,4.00,29.00,309.00,0.00,0.00,1.00,1.20,2.40,0.10,21.00,0.00,10.66,2.29,0.00,0.00,121.00,1089,0
0.00,3.90,2.00,22.00,3.00,81.00,3224.00,0.00,0.00,1.00,29.30,13.20,2.10,1.00,1.00,39.80,3.66,1.00,1.00,4.00,484,0
1.00,0.15,17.00,39.00,4.00,45.00,384.00,0.00,0.00,1.00,1.70,2.10,0.20,14.00,0.00,8.53,0.41,1.00,0.00,289.00,1521,1
1.00,0.89,4.00,28.00,4.00,74.00,1357.00,0.00,1.00,0.00,7.40,3.40,0.80,52.00,0.00,18.34,2.19,1.00,1.00,16.00,784,1
0.00,2.82,4.00,26.00,3.00,82.00,2283.00,0.00,1.00,0.00,12.80,2.70,2.60,4.00,0.00,27.84,3.34,1.00,1.00,16.00,676,0
0.00,1.51,5.00,28.00,4.00,77.00,2037.00,1.00,0.00,0.00,9.00,4.60,5.00,24.00,0.00,26.45,2.72,1.00,0.00,25.00,784,0
1.00,0.90,8.00,32.00,4.00,68.00,1536.00,0.00,1.00,0.00,6.60,4.00,0.90,17.00,0.00,22.59,2.20,1.00,0.00,64.00,1024,1
1.00,0.75,5.00,27.00,4.00,81.00,2519.00,1.00,0.00,0.00,,,5.20,16.00,0.00,31.10,2.01,0.00,0.00,25.00,729,0
1.00,2.70,1.00,22.00,1.00,49.00,1385.00,0.00,0.00,1.00,10.20,6.20,2.00,2.00,0.00,28.27,3.30,1.00,0.00,1.00,484,1
1.00,0.18,2.00,27.00,0.00,65.00,980.00,1.00,0.00,0.00,5.70,1.70,0.40,0.00,0.00,15.08,0.60,1.00,1.00,4.00,729,1
0.00,0.70,1.00,24.00,4.00,70.00,889.00,1.00,0.00,0.00,,1.20,0.90,15.00,0.00,12.70,1.95,1.00,1.00,1.00,576,0
1.00,2.38,11.00,33.00,4.00,77.00,1750.00,1.00,0.00,0.00,16.80,3.10,2.20,10.00,0.00,22.73,3.17,1.00,0.00,121.00,1089,1
0.00,1.65,6.00,30.00,4.00,80.00,2336.00,0.00,1.00,0.00,9.00,5.00,1.20,7.00,0.00,29.20,2.80,1.00,0.00,36.00,900,0
1.00,1.04,2.00,24.00,4.00,82.00,3147.00,0.00,1.00,0.00,18.30,10.10,2.30,9.00,0.00,38.38,2.34,1.00,1.00,4.00,576,1
0.00,0.61,5.00,26.00,4.00,38.00,638.00,0.00,1.00,0.00,7.60,4.80,1.00,0.00,0.00,16.79,1.81,1.00,0.00,25.00,676,0
1.00,1.69,13.00,35.00,4.00,68.00,1555.00,1.00,0.00,0.00,8.90,1.90,2.80,31.00,0.00,22.87,2.83,0.00,1.00,169.00,1225,0
1.00,3.25,10.00,31.00,3.00,65.00,2298.00,0.00,1.00,0.00,21.60,11.20,4.50,5.00,1.00,35.35,3.48,1.00,1.00,100.00,961,1
1.00,,6.00,30.00,4.00,,,1.00,0.00,0.00,,,,40.00,0.00,,,1.00,1.00,36.00,900,1
0.00,1.88,9.00,,4.00,82.00,2825.00,0.00,1.00,0.00,,9.20,1.70,23.00,0.00,34.45,2.94,1.00,0.00,81.00,,0
0.00,2.30,7.00,28.00,4.00,67.00,2449.00,1.00,0.00,0.00,20.00,2.50,9.50,7.00,1.00,36.55,3.14,1.00,0.00,49.00,784,0
1.00,0.65,9.00,32.00,4.00,74.00,848.00,0.00,0.00,1.00,3.90,2.60,0.60,6.00,0.00,11.46,1.87,0.00,1.00,81.00,1024,0
0.00,2.97,6.00,29.00,4.00,80.00,3207.00,1.00,0.00,0.00,16.50,4.40,3.40,14.00,0.00,40.09,3.39,0.00,0.00,36.00,841,0
1.00,3.25,6.00,28.00,4.00,68.00,2520.00,0.00,1.00,0.00,20.60,6.80,3.80,1.00,1.00,37.06,3.48,1.00,0.00,36.00,784,1
1.00,,13.00,35.00,4.00,36.00,363.00,0.00,0.00,1.00,2.40,2.20,0.40,13.00,0.00,10.08,,0.00,1.00,169.00,1225,0
1.00,2.33,9.00,30.00,4.00,79.00,2557.00,0.00,1.00,0.00,16.70,7.10,1.70,2.00,0.00,32.37,3.15,1.00,0.00,81.00,900,1
1.00,1.30,6.00,29.00,4.00,79.00,1441.00,0.00,1.00,0.00,5.60,4.00,0.50,21.00,0.00,18.24,2.56,1.00,0.00,36.00,841,1
1.00,1.58,11.00,32.00,3.00,68.00,2334.00,1.00,0.00,0.00,19.20,6.50,4.90,14.00,1.00,34.32,2.76,0.00,1.00,121.00,1024,0
0.00,0.79,7.00,29.00,4.00,6.00,86.00,0.00,0.00,1.00,2.30,4.00,0.80,75.00,0.00,14.33,2.07,1.00,0.00,49.00,841,0
0.00,,17.00,39.00,4.00,45.00,938.00,0.00,0.00,1.00,4.70,1.40,0.50,46.00,0.00,20.84,,1.00,0.00,289.00,1521,0
1.00,2.43,6.00,29.00,4.00,77.00,2112.00,0.00,1.00,0.00,10.40,4.60,1.40,12.00,0.00,27.43,3.19,1.00,1.00,36.00,841,1
0.00,,4.00,27.00,4.00,29.00,187.00,1.00,0.00,0.00,2.80,0.60,0.90,0.00,0.00,6.45,,1.00,0.00,16.00,729,0
0.00,2.94,10.00,32.00,4.00,78.00,1276.00,0.00,1.00,0.00,6.50,4.20,1.00,46.00,0.00,16.36,3.38,1.00,0.00,100.00,1024,0
0.00,0.94,2.00,23.00,3.00,65.00,820.00,0.00,1.00,0.00,6.70,1.70,0.50,18.00,0.00,12.62,2.24,1.00,0.00,4.00,529,0
1.00,2.50,9.00,31.00,4.00,77.00,2074.00,1.00,0.00,0.00,13.10,2.80,5.20,24.00,0.00,26.94,3.22,1.00,1.00,81.00,961,1
0.00,2.34,5.00,28.00,4.00,82.00,2853.00,0.00,1.00,0.00,20.10,6.70,1.90,36.00,1.00,34.79,3.15,1.00,0.00,25.00,784,0
0.00,0.65,1.00,24.00,3.00,58.00,673.00,1.00,0.00,0.00,4.80,1.30,1.20,21.00,0.00,11.60,1.87,1.00,0.00,1.00,576,0
0.00,1.56,6.00,28.00,3.00,82.00,2889.00,1.00,0.00,0.00,17.20,4.50,9.20,19.00,0.00,35.23,2.75,1.00,0.00,36.00,784,0
1.00,2.50,13.00,34.00,3.00,81.00,2636.00,0.00,1.00,0.00,9.70,10.40,1.00,10.00,0.00,32.54,3.22,1.00,0.00,169.00,1156,1
0.00,,4.00,26.00,4.00,13.00,159.00,0.00,1.00,0.00,4.90,3.50,2.50,25.00,0.00,12.23,,0.00,0.00,16.00,676,0
1.00,1.85,10.00,35.00,4.00,71.00,2094.00,0.00,1.00,0.00,13.20,5.70,3.10,57.00,0.00,29.49,2.92,0.00,0.00,100.00,1225,0
1.00,0.55,3.00,26.00,4.00,61.00,1041.00,1.00,0.00,0.00,4.50,1.80,2.20,31.00,0.00,17.07,1.70,1.00,1.00,9.00,676,1
1.00,1.26,4.00,26.00,4.00,41.00,674.00,0.00,0.00,1.00,4.40,4.50,0.30,18.00,0.00,16.44,2.53,1.00,1.00,16.00,676,1
0.00,1.62,1.00,23.00,4.00,19.00,499.00,1.00,0.00,0.00,7.10,1.80,6.10,7.00,0.00,26.26,2.78,0.00,0.00,1.00,529,0
0.00,0.15,1.00,24.00,4.00,55.00,667.00,0.00,0.00,1.00,3.20,3.10,0.40,52.00,0.00,12.13,0.41,0.00,1.00,1.00,576,0
0.00,0.85,7.00,29.00,3.00,68.00,2402.00,0.00,1.00,0.00,11.60,11.90,0.60,8.00,0.00,35.32,2.14,1.00,1.00,49.00,841,0
1.00,2.50,6.00,29.00,4.00,78.00,2897.00,1.00,0.00,0.00,23.40,3.70,4.00,5.00,1.00,37.14,3.22,1.00,0.00,36.00,841,1
0.00,1.74,4.00,25.00,4.00,75.00,2702.00,0.00,1.00,0.00,15.10,7.50,4.10,7.00,0.00,36.03,2.86,1.00,0.00,16.00,625,0
0.00,0.94,3.00,25.00,4.00,66.00,877.00,1.00,0.00,0.00,4.40,1.30,1.80,19.00,0.00,13.29,2.24,1.00,1.00,9.00,625,0
0.00,1.46,9.00,31.00,4.00,79.00,2567.00,1.00,0.00,0.00,12.70,2.80,6.70,87.00,0.00,32.49,2.68,1.00,0.00,81.00,961,0
0.00,1.66,2.00,24.00,4.00,57.00,1356.00,0.00,1.00,0.00,11.20,4.10,2.30,7.00,0.00,23.79,2.81,1.00,0.00,4.00,576,0
0.00,0.20,2.00,26.00,4.00,57.00,1221.00,0.00,1.00,0.00,8.00,4.70,1.20,36.00,0.00,21.42,0.69,0.00,0.00,4.00,676,0
0.00,2.08,6.00,27.00,4.00,80.00,2488.00,1.00,0.00,0.00,11.90,3.00,4.30,10.00,0.00,31.10,3.03,1.00,1.00,36.00,729,0
0.00,2.41,12.00,33.00,3.00,59.00,1133.00,0.00,1.00,0.00,7.30,5.00,0.80,2.00,0.00,19.20,3.18,1.00,1.00,144.00,1089,0
1.00,1.19,4.00,28.00,4.00,77.00,1949.00,1.00,0.00,0.00,10.00,2.10,4.20,29.00,0.00,25.31,2.48,0.00,0.00,16.00,784,0
1.00,1.81,5.00,24.00,4.00,73.00,2409.00,0.00,1.00,0.00,12.10,3.60,2.70,3.00,0.00,33.00,2.89,1.00,0.00,25.00,576,1
1.00,0.15,5.00,30.00,4.00,28.00,94.00,0.00,0.00,1.00,2.10,0.90,0.20,79.00,0.00,3.36,0.41,0.00,1.00,25.00,900,0
1.00,,6.00,29.00,4.00,82.00,2332.00,1.00,0.00,0.00,10.90,2.10,5.30,0.00,0.00,28.44,,1.00,1.00,36.00,841,1
0.00,,12.00,39.00,0.00,55.00,618.00,0.00,0.00,1.00,5.30,4.10,0.60,0.00,0.00,11.24,,1.00,1.00,144.00,1521,0
1.00,2.16,8.00,30.00,4.00,77.00,2029.00,0.00,1.00,0.00,11.60,3.30,2.40,4.00,0.00,26.35,3.07,1.00,1.00,64.00,900,1
1.00,1.82,5.00,26.00,3.00,70.00,1344.00,0.00,1.00,0.00,9.00,3.10,1.00,5.00,0.00,19.20,2.90,1.00,1.00,25.00,676,1
1.00,5.74,5.00,29.00,4.00,80.00,3241.00,0.00,0.00,1.00,29.80,10.70,4.80,1.00,1.00,40.51,4.05,1.00,1.00,25.00,841,1
0.00,2.45,8.00,33.00,4.00,79.00,2989.00,0.00,1.00,0.00,4.70,17.30,2.30,27.00,0.00,37.84,3.20,1.00,1.00,64.00,1089,0
0.00,0.15,1.00,23.00,4.00,40.00,339.00,1.00,0.00,0.00,1.80,0.70,1.30,47.00,0.00,8.48,0.41,1.00,0.00,1.00,529,0
0.00,0.52,6.00,29.00,3.00,80.00,1690.00,1.00,0.00,0.00,9.10,2.40,2.40,39.00,0.00,21.13,1.66,1.00,0.00,36.00,841,0
1.00,,16.00,37.00,4.00,42.00,780.00,0.00,0.00,1.00,5.60,3.60,1.40,3.00,0.00,18.57,,1.00,1.00,256.00,1369,1
0.00,2.00,5.00,26.00,4.00,79.00,2435.00,1.00,0.00,0.00,14.10,3.40,3.50,5.00,0.00,30.82,3.00,1.00,0.00,25.00,676,0
0.00,0.60,3.00,25.00,4.00,71.00,866.00,0.00,1.00,0.00,2.80,2.70,0.40,27.00,0.00,12.20,1.79,1.00,0.00,9.00,625,0
0.00,0.62,2.00,27.00,4.00,45.00,280.00,0.00,0.00,1.00,2.60,2.60,0.20,23.00,0.00,6.22,1.82,1.00,0.00,4.00,729,0
0.00,0.80,6.00,25.00,2.00,79.00,2597.00,0.00,1.00,0.00,18.10,10.80,2.60,17.00,1.00,32.87,2.08,1.00,0.00,36.00,625,0
1.00,0.15,2.00,25.00,4.00,15.00,86.00,0.00,1.00,0.00,3.70,1.00,0.60,45.00,0.00,5.73,0.41,1.00,0.00,4.00,625,1
0.00,0.70,4.00,25.00,4.00,27.00,78.00,0.00,0.00,1.00,1.50,0.80,0.30,14.00,0.00,2.89,1.95,0.00,0.00,16.00,625,0
0.00,1.90,6.00,30.00,0.00,0.00,0.00,1.00,0.00,0.00,0.00,0.00,0.00,127.00,0.00,,2.94,0.00,1.00,36.00,900,0
1.00,0.89,9.00,30.00,4.00,73.00,1887.00,1.00,0.00,0.00,6.00,3.90,5.30,30.00,0.00,25.85,2.19,1.00,1.00,81.00,900,1
0.00,2.38,5.00,26.00,4.00,81.00,2881.00,1.00,0.00,0.00,16.50,3.30,6.00,2.00,1.00,35.57,3.17,1.00,1.00,25.00,676,0
0.00,3.59,11.00,33.00,4.00,81.00,2170.00,0.00,1.00,0.00,12.30,4.50,1.40,4.00,0.00,26.79,3.58,1.00,0.00,121.00,1089,0
0.00,0.17,5.00,27.00,4.00,35.00,152.00,0.00,0.00,1.00,2.10,0.70,0.20,39.00,0.00,4.34,0.53,0.00,0.00,25.00,729,0
1.00,1.15,10.00,31.00,4.00,81.00,2728.00,0.00,1.00,0.00,15.00,5.60,3.40,8.00,0.00,33.68,2.44,0.00,1.00,100.00,961,0
1.00,0.81,3.00,26.00,4.00,55.00,1070.00,0.00,1.00,0.00,6.50,4.70,0.40,0.00,0.00,19.45,2.09,1.00,1.00,9.00,676,1
1.00,0.15,2.00,25.00,4.00,56.00,559.00,1.00,0.00,0.00,3.10,1.10,0.50,0.00,0.00,9.98,0.41,1.00,0.00,4.00,625,1
1.00,,13.00,35.00,4.00,80.00,1838.00,0.00,1.00,0.00,11.10,4.10,0.90,8.00,0.00,22.98,,0.00,1.00,169.00,1225,0
0.00,0.20,2.00,25.00,4.00,45.00,313.00,1.00,0.00,0.00,2.90,0.60,1.70,0.00,0.00,6.96,0.69,0.00,0.00,4.00,625,0
1.00,1.77,8.00,31.00,4.00,80.00,2820.00,1.00,0.00,0.00,15.90,5.20,3.90,46.00,0.00,35.25,2.87,0.00,1.00,64.00,961,0
1.00,1.80,10.00,32.00,4.00,75.00,1619.00,1.00,0.00,0.00,7.50,1.70,2.90,13.00,0.00,21.59,2.89,1.00,1.00,100.00,1024,1
0.00,1.20,2.00,24.00,4.00,63.00,763.00,0.00,1.00,0.00,4.30,3.20,0.50,10.00,0.00,12.11,2.48,0.00,0.00,4.00,576,0
1.00,3.08,9.00,31.00,3.00,82.00,3329.00,0.00,1.00,0.00,25.20,11.50,4.00,13.00,1.00,40.60,3.43,1.00,1.00,81.00,961,1
1.00,0.15,1.00,24.00,4.00,67.00,1121.00,0.00,1.00,0.00,5.00,2.70,0.80,45.00,0.00,16.73,0.41,1.00,0.00,1.00,576,1
0.00,1.58,4.00,26.00,4.00,79.00,2210.00,0.00,0.00,1.00,8.60,8.30,0.50,6.00,0.00,27.97,2.76,1.00,0.00,16.00,676,0
1.00,2.40,10.00,32.00,4.00,82.00,2969.00,1.00,0.00,0.00,15.10,3.00,12.60,16.00,1.00,36.21,3.18,0.00,1.00,100.00,1024,0
0.00,0.65,1.00,23.00,3.00,15.00,92.00,0.00,0.00,1.00,1.30,0.70,0.00,18.00,0.00,6.13,1.87,1.00,0.00,1.00,529,0
0.00,0.15,1.00,24.00,4.00,75.00,1321.00,1.00,0.00,0.00,6.90,3.00,1.00,0.00,0.00,17.61,0.41,1.00,0.00,1.00,576,0
1.00,2.00,6.00,27.00,4.00,60.00,2025.00,1.00,0.00,0.00,18.20,2.40,3.10,8.00,0.00,33.75,3.00,0.00,1.00,36.00,729,0
0.00,2.00,1.00,23.00,4.00,65.00,1604.00,1.00,0.00,0.00,12.00,2.90,1.90,6.00,0.00,24.68,3.00,1.00,0.00,1.00,529,0
0.00,2.31,8.00,30.00,4.00,69.00,1485.00,0.00,0.00,1.00,6.60,4.70,0.80,33.00,0.00,21.52,3.14,1.00,0.00,64.00,900,0
1.00,1.65,2.00,25.00,4.00,78.00,2795.00,0.00,1.00,0.00,17.10,9.30,3.50,6.00,0.00,35.83,2.80,0.00,0.00,4.00,625,0
0.00,0.60,2.00,24.00,4.00,75.00,2487.00,0.00,1.00,0.00,18.20,6.00,2.10,19.00,0.00,33.16,1.79,0.00,0.00,4.00,576,0
0.00,0.50,1.00,23.00,0.00,54.00,650.00,0.00,0.00,1.00,5.60,3.60,0.30,30.00,0.00,12.04,1.61,0.00,0.00,1.00,529,0
1.00,0.50,2.00,25.00,4.00,61.00,749.00,1.00,0.00,0.00,3.60,1.10,1.50,40.00,0.00,12.28,1.61,1.00,0.00,4.00,625,1
1.00,0.28,2.00,26.00,4.00,65.00,1035.00,1.00,0.00,0.00,6.20,1.40,3.30,32.00,0.00,15.92,1.04,0.00,0.00,4.00,676,0
0.00,1.72,8.00,30.00,4.00,82.00,2303.00,1.00,0.00,0.00,9.90,2.30,6.10,22.00,0.00,28.09,2.85,0.00,0.00,64.00,900,0
1.00,0.60,3.00,26.00,4.00,3.00,35.00,0.00,1.00,0.00,4.30,2.30,0.70,0.00,0.00,11.67,1.79,1.00,1.00,9.00,676,1
1.00,0.40,6.00,30.00,4.00,73.00,1397.00,0.00,1.00,0.00,4.80,4.00,0.50,5.00,0.00,19.14,1.39,1.00,0.00,36.00,900,1
0.00,1.40,3.00,26.00,4.00,82.00,2605.00,1.00,0.00,0.00,14.80,4.80,2.30,9.00,0.00,31.77,2.64,1.00,1.00,9.00,676,0
1.00,1.63,5.00,27.00,4.00,81.00,2915.00,1.00,0.00,0.00,13.80,5.20,9.70,12.00,0.00,35.99,2.79,1.00,1.00,25.00,729,1
1.00,1.40,9.00,31.00,4.00,82.00,2149.00,0.00,1.00,0.00,8.00,4.70,1.50,35.00,0.00,26.21,2.64,1.00,1.00,81.00,961,1
0.00,0.65,1.00,23.00,4.00,16.00,107.00,0.00,1.00,0.00,2.70,1.10,0.50,15.00,0.00,6.69,1.87,1.00,1.00,1.00,529,0
1.00,1.20,11.00,33.00,4.00,82.00,2147.00,1.00,0.00,0.00,10.00,3.40,3.30,48.00,0.00,26.18,2.48,0.00,1.00,121.00,1089,0
1.00,2.80,9.00,31.00,4.00,82.00,1823.00,0.00,0.00,1.00,4.20,4.50,1.20,,0.00,22.23,3.33,0.00,1.00,81.00,961,0
0.00,1.23,6.00,28.00,4.00,82.00,1608.00,0.00,0.00,1.00,6.10,3.80,0.70,28.00,0.00,19.61,2.51,1.00,1.00,36.00,784,0
1.00,,5.00,31.00,4.00,18.00,169.00,1.00,0.00,0.00,2.50,0.70,2.20,70.00,0.00,9.39,,0.00,1.00,25.00,961,0
0.00,1.51,7.00,30.00,3.00,82.00,2539.00,0.00,1.00,0.00,11.90,6.10,2.70,19.00,0.00,30.96,2.71,1.00,0.00,49.00,900,0
0.00,2.63,10.00,31.00,4.00,80.00,2867.00,0.00,1.00,0.00,19.10,12.00,1.90,11.00,0.00,35.84,3.27,1.00,0.00,100.00,961,0
1.00,0.56,1.00,26.00,4.00,81.00,1732.00,0.00,1.00,0.00,7.70,6.20,0.60,45.00,0.00,21.38,1.73,1.00,0.00,1.00,676,1
0.00,0.69,3.00,25.00,4.00,66.00,2292.00,0.00,1.00,0.00,11.70,10.90,0.70,13.00,0.00,34.73,1.93,1.00,0.00,9.00,625,0
1.00,1.56,10.00,,4.00,55.00,1053.00,1.00,0.00,0.00,6.50,2.20,3.30,18.00,0.00,19.15,2.75,1.00,1.00,100.00,,1
1.00,0.83,1.00,24.00,4.00,27.00,186.00,0.00,1.00,0.00,2.00,2.00,0.30,14.00,0.00,6.89,2.12,0.00,0.00,1.00,576,0
1.00,2.00,7.00,28.00,4.00,79.00,2711.00,1.00,0.00,0.00,10.90,4.40,8.60,18.00,0.00,34.32,3.00,1.00,1.00,49.00,784,1
0.00,1.26,7.00,28.00,3.00,76.00,2613.00,0.00,1.00,0.00,12.00,5.30,4.30,9.00,0.00,34.38,2.54,1.00,0.00,49.00,784,0
1.00,3.21,7.00,29.00,4.00,79.00,2638.00,1.00,0.00,0.00,19.90,2.70,3.10,11.00,1.00,33.39,3.47,1.00,0.00,49.00,841,1
1.00,0.72,5.00,31.00,4.00,75.00,1084.00,0.00,1.00,0.00,4.80,2.50,0.80,54.00,0.00,14.45,1.97,1.00,1.00,25.00,961,1
1.00,0.60,11.00,33.00,3.00,67.00,1197.00,1.00,0.00,0.00,10.40,1.60,2.00,4.00,0.00,17.87,1.79,1.00,1.00,121.00,1089,1
0.00,2.50,6.00,28.00,4.00,78.00,2113.00,0.00,0.00,1.00,15.70,6.20,1.80,2.00,0.00,27.09,3.22,0.00,0.00,36.00,784,0
0.00,2.00,12.00,33.00,3.00,30.00,282.00,0.00,1.00,0.00,2.30,2.50,0.50,5.00,0.00,9.40,3.00,1.00,0.00,144.00,1089,0
0.00,0.32,3.00,,3.00,65.00,1714.00,1.00,0.00,0.00,7.70,3.10,6.50,49.00,0.00,26.37,1.16,1.00,0.00,9.00,,0
