x,z,w,y,x_5,zx_5,wx_5
0,0,0,1.089758,-5,0,0
.0050025,0,1,3.121942,-4.994998,0,-4.994998
.010005,0,0,1.11631,-4.989995,0,0
.0150075,0,0,.411725,-4.984993,0,0
.02001,0,0,.8312294,-4.97999,0,0
.0250125,0,0,.0175498,-4.974988,0,0
.030015,0,0,2.07049,-4.969985,0,0
.0350175,0,0,1.03131,-4.964983,0,0
.04002,0,0,1.634803,-4.95998,0,0
.0450225,0,0,2.171974,-4.954978,0,0
.050025,0,0,.6817017,-4.949975,0,0
.0550275,0,0,1.805987,-4.944973,0,0
.06003,0,0,1.5334,-4.93997,0,0
.0650325,0,0,1.36602,-4.934968,0,0
.070035,0,0,.8120857,-4.929965,0,0
.0750375,0,0,.5596593,-4.924963,0,0
.08004,0,1,2.760886,-4.91996,0,-4.91996
.0850425,0,0,.2808165,-4.914958,0,0
.090045,0,0,.3566604,-4.909955,0,0
.0950475,0,0,1.534406,-4.904953,0,0
.10005,0,0,1.04969,-4.89995,0,0
.1050525,0,0,1.344029,-4.894948,0,0
.110055,0,1,3.632827,-4.889945,0,-4.889945
.1150575,0,0,1.873749,-4.884943,0,0
.12006,0,0,1.833349,-4.87994,0,0
.1250625,0,0,.7529391,-4.874938,0,0
.130065,0,0,2.000096,-4.869935,0,0
.1350675,0,0,1.082454,-4.864933,0,0
.14007,0,0,1.522181,-4.85993,0,0
.1450725,0,1,3.770744,-4.854928,0,-4.854928
.150075,0,0,1.16585,-4.849925,0,0
.1550775,0,1,3.272938,-4.844923,0,-4.844923
.16008,0,1,2.949317,-4.83992,0,-4.83992
.1650825,0,0,1.026256,-4.834918,0,0
.170085,0,0,1.242073,-4.829915,0,0
.1750875,0,0,1.355241,-4.824913,0,0
.18009,0,0,.5155817,-4.81991,0,0
.1850926,0,0,.6982511,-4.814908,0,0
.1900951,0,0,.9612151,-4.809905,0,0
.1950976,0,1,3.56325,-4.804903,0,-4.804903
.2001,0,0,-.4540562,-4.7999,0,0
.2051025,0,0,1.761696,-4.794898,0,0
.210105,0,0,1.269106,-4.789895,0,0
.2151076,0,0,1.04254,-4.784893,0,0
.2201101,0,1,3.959177,-4.77989,0,-4.77989
.2251126,0,0,1.137992,-4.774888,0,0
.2301151,0,0,1.064402,-4.769885,0,0
.2351176,0,0,1.532078,-4.764883,0,0
.2401201,0,0,.8563065,-4.75988,0,0
.2451226,0,0,1.02505,-4.754878,0,0
.2501251,0,0,1.782168,-4.749875,0,0
.2551275,0,0,.747584,-4.744873,0,0
.2601301,0,0,.522498,-4.73987,0,0
.2651326,0,0,.2372907,-4.734868,0,0
.2701351,0,0,1.143452,-4.729865,0,0
.2751376,0,0,1.718297,-4.724863,0,0
.2801401,0,0,1.283977,-4.71986,0,0
.2851426,0,0,1.247843,-4.714858,0,0
.2901451,0,0,.8520851,-4.709855,0,0
.2951476,0,0,-.3970135,-4.704853,0,0
.3001501,0,0,1.093801,-4.69985,0,0
.3051526,0,0,1.646709,-4.694848,0,0
.3101551,0,0,1.631974,-4.689845,0,0
.3151576,0,0,.7184586,-4.684843,0,0
.3201601,0,0,.2608366,-4.67984,0,0
.3251626,0,0,1.185841,-4.674838,0,0
.3301651,0,0,1.729115,-4.669835,0,0
.3351676,0,0,.8557307,-4.664833,0,0
.3401701,0,0,.3095519,-4.65983,0,0
.3451726,0,0,1.006163,-4.654828,0,0
.3501751,0,0,1.37139,-4.649825,0,0
.3551776,0,0,1.380459,-4.644823,0,0
.3601801,0,0,1.825482,-4.63982,0,0
.3651826,0,0,.3779679,-4.634818,0,0
.3701851,0,0,.6580321,-4.629815,0,0
.3751876,0,0,-.2435393,-4.624813,0,0
.3801901,0,0,1.950771,-4.61981,0,0
.3851926,0,0,2.247978,-4.614808,0,0
.3901951,0,0,.3655793,-4.609805,0,0
.3951976,0,0,1.267322,-4.604803,0,0
.4002001,0,0,.2881547,-4.5998,0,0
.4052026,0,0,1.654067,-4.594798,0,0
.4102051,0,0,1.488236,-4.589795,0,0
.4152076,0,0,.5736606,-4.584793,0,0
.4202101,0,0,.8446297,-4.57979,0,0
.4252126,0,1,3.441842,-4.574788,0,-4.574788
.4302151,0,0,1.518945,-4.569785,0,0
.4352176,0,0,.806824,-4.564782,0,0
.4402201,0,0,.4160902,-4.55978,0,0
.4452226,0,0,1.896064,-4.554777,0,0
.4502251,0,0,.9692217,-4.549775,0,0
.4552276,0,0,1.679902,-4.544772,0,0
.4602301,0,1,3.917733,-4.53977,0,-4.53977
.4652326,0,0,.5619462,-4.534767,0,0
.4702351,0,0,.9494408,-4.529765,0,0
.4752376,0,0,1.590348,-4.524762,0,0
.4802401,0,0,1.115153,-4.51976,0,0
.4852426,0,0,1.423566,-4.514757,0,0
.4902451,0,0,.1216366,-4.509755,0,0
.4952476,0,0,1.522898,-4.504752,0,0
.5002501,0,0,1.14311,-4.49975,0,0
.5052526,0,0,1.165423,-4.494747,0,0
.5102551,0,0,1.753824,-4.489745,0,0
.5152577,0,0,1.404735,-4.484742,0,0
.5202602,0,0,.3071528,-4.47974,0,0
.5252627,0,0,1.376933,-4.474737,0,0
.5302652,0,0,.9092342,-4.469735,0,0
.5352677,0,0,.9420553,-4.464732,0,0
.5402701,0,0,.9608023,-4.45973,0,0
.5452726,0,0,.7229702,-4.454727,0,0
.5502751,0,0,1.059809,-4.449725,0,0
.5552776,0,0,1.117215,-4.444722,0,0
.5602801,0,0,2.057327,-4.43972,0,0
.5652826,0,1,2.095687,-4.434717,0,-4.434717
.5702851,0,1,2.139727,-4.429715,0,-4.429715
.5752876,0,0,.2667857,-4.424712,0,0
.5802901,0,0,.7194856,-4.41971,0,0
.5852926,0,0,.7527829,-4.414707,0,0
.5902951,0,0,.7018893,-4.409705,0,0
.5952976,0,1,3.294068,-4.404702,0,-4.404702
.6003001,0,0,1.779958,-4.3997,0,0
.6053026,0,0,1.710292,-4.394697,0,0
.6103051,0,0,1.503441,-4.389695,0,0
.6153076,0,0,1.038217,-4.384692,0,0
.6203101,0,0,.135077,-4.37969,0,0
.6253127,0,0,2.007585,-4.374687,0,0
.6303152,0,0,1.511199,-4.369685,0,0
.6353177,0,0,1.383423,-4.364682,0,0
.6403202,0,0,.832723,-4.35968,0,0
.6453227,0,0,.7215423,-4.354677,0,0
.6503252,0,0,1.026394,-4.349675,0,0
.6553277,0,0,1.295016,-4.344672,0,0
.6603302,0,0,.6715652,-4.33967,0,0
.6653327,0,0,1.978888,-4.334667,0,0
.6703352,0,0,.3452253,-4.329665,0,0
.6753377,0,0,1.404373,-4.324662,0,0
.6803402,0,0,1.107816,-4.31966,0,0
.6853427,0,0,1.184294,-4.314657,0,0
.6903452,0,0,1.621205,-4.309655,0,0
.6953477,0,0,.8830613,-4.304652,0,0
.7003502,0,1,2.323254,-4.29965,0,-4.29965
.7053527,0,0,1.158242,-4.294647,0,0
.7103552,0,0,1.13168,-4.289645,0,0
.7153577,0,1,3.416329,-4.284642,0,-4.284642
.7203602,0,0,1.828924,-4.27964,0,0
.7253627,0,0,.3161083,-4.274637,0,0
.7303652,0,0,1.868869,-4.269635,0,0
.7353677,0,0,.177281,-4.264632,0,0
.7403702,0,1,2.964197,-4.25963,0,-4.25963
.7453727,0,1,3.557174,-4.254627,0,-4.254627
.7503752,0,0,.6981827,-4.249625,0,0
.7553777,0,0,1.22219,-4.244622,0,0
.7603802,0,0,.4089942,-4.23962,0,0
.7653827,0,1,2.412643,-4.234617,0,-4.234617
.7703852,0,0,1.318556,-4.229615,0,0
.7753877,0,1,3.604896,-4.224612,0,-4.224612
.7803902,0,0,1.11599,-4.21961,0,0
.7853927,0,0,.3690811,-4.214607,0,0
.7903952,0,0,1.49478,-4.209605,0,0
.7953977,0,0,1.425158,-4.204602,0,0
.8004002,0,0,.9972739,-4.1996,0,0
.8054027,0,0,.5009751,-4.194597,0,0
.8104052,0,1,2.243239,-4.189595,0,-4.189595
.8154077,0,0,.4297032,-4.184592,0,0
.8204102,0,0,.344529,-4.17959,0,0
.8254127,0,0,.3401106,-4.174587,0,0
.8304152,0,0,.9108281,-4.169585,0,0
.8354177,0,0,1.284647,-4.164582,0,0
.8404202,0,0,1.849179,-4.15958,0,0
.8454227,0,0,1.467277,-4.154577,0,0
.8504252,0,1,1.723341,-4.149575,0,-4.149575
.8554277,0,0,1.953406,-4.144572,0,0
.8604302,0,0,.9841879,-4.13957,0,0
.8654327,0,0,1.883614,-4.134567,0,0
.8704352,0,0,1.73887,-4.129565,0,0
.8754377,0,0,1.14246,-4.124562,0,0
.8804402,0,0,.1903355,-4.11956,0,0
.8854427,0,0,.5687946,-4.114557,0,0
.8904452,0,0,.8416978,-4.109555,0,0
.8954477,0,0,2.052049,-4.104552,0,0
.9004502,0,0,.917321,-4.09955,0,0
.9054527,0,0,1.076738,-4.094547,0,0
.9104552,0,0,.6932356,-4.089545,0,0
.9154577,0,0,1.963246,-4.084542,0,0
.9204602,0,1,3.561037,-4.07954,0,-4.07954
.9254627,0,0,1.991839,-4.074537,0,0
.9304652,0,0,1.774319,-4.069535,0,0
.9354677,0,0,1.536919,-4.064532,0,0
.9404702,0,0,2.040624,-4.05953,0,0
.9454727,0,1,3.684789,-4.054527,0,-4.054527
.9504752,0,0,.8398428,-4.049525,0,0
.9554777,0,0,1.289114,-4.044522,0,0
.9604802,0,0,1.345249,-4.03952,0,0
.9654827,0,0,1.145761,-4.034517,0,0
.9704853,0,0,2.882015,-4.029515,0,0
.9754878,0,0,1.543079,-4.024512,0,0
.9804903,0,0,-.0391036,-4.01951,0,0
.9854928,0,0,-.1815164,-4.014507,0,0
.9904953,0,0,2.716093,-4.009505,0,0
.9954978,0,0,.9515395,-4.004502,0,0
1.0005,0,0,1.162528,-3.9995,0,0
1.005503,0,0,1.967843,-3.994497,0,0
1.010505,0,0,1.435964,-3.989495,0,0
1.015508,0,0,-.0984387,-3.984492,0,0
1.02051,0,0,.7170897,-3.97949,0,0
1.025513,0,0,1.89689,-3.974487,0,0
1.030515,0,0,1.082997,-3.969485,0,0
1.035518,0,1,3.78438,-3.964482,0,-3.964482
1.04052,0,0,1.697333,-3.95948,0,0
1.045523,0,0,.7095608,-3.954477,0,0
1.050525,0,1,3.040075,-3.949475,0,-3.949475
1.055528,0,1,2.000762,-3.944472,0,-3.944472
1.06053,0,0,1.421313,-3.93947,0,0
1.065533,0,0,1.150919,-3.934467,0,0
1.070535,0,1,3.839176,-3.929465,0,-3.929465
1.075538,0,0,.9547539,-3.924462,0,0
1.08054,0,0,.3438883,-3.91946,0,0
1.085543,0,0,1.846038,-3.914457,0,0
1.090545,0,0,1.070977,-3.909455,0,0
1.095548,0,0,-.532372,-3.904452,0,0
1.10055,0,0,.5664004,-3.89945,0,0
1.105553,0,0,1.178084,-3.894447,0,0
1.110555,0,0,1.361583,-3.889445,0,0
1.115558,0,0,1.014921,-3.884442,0,0
1.12056,0,0,.5322689,-3.87944,0,0
1.125563,0,0,2.275538,-3.874437,0,0
1.130565,0,0,.6431587,-3.869435,0,0
1.135568,0,1,3.851942,-3.864432,0,-3.864432
1.14057,0,0,1.270043,-3.85943,0,0
1.145573,0,1,2.27471,-3.854427,0,-3.854427
1.150575,0,1,2.668525,-3.849425,0,-3.849425
1.155578,0,0,.3338874,-3.844422,0,0
1.16058,0,0,1.745222,-3.83942,0,0
1.165583,0,0,.6071016,-3.834417,0,0
1.170585,0,0,1.514332,-3.829415,0,0
1.175588,0,0,1.277231,-3.824412,0,0
1.18059,0,0,1.393454,-3.81941,0,0
1.185593,0,0,1.250693,-3.814407,0,0
1.190595,0,0,.541003,-3.809405,0,0
1.195598,0,0,1.794685,-3.804402,0,0
1.2006,0,0,.9580804,-3.7994,0,0
1.205603,0,0,2.233314,-3.794397,0,0
1.210605,0,1,3.690557,-3.789395,0,-3.789395
1.215608,0,0,.8004112,-3.784392,0,0
1.22061,0,0,1.535565,-3.77939,0,0
1.225613,0,1,3.696255,-3.774387,0,-3.774387
1.230615,0,0,1.414559,-3.769385,0,0
1.235618,0,0,.6487406,-3.764382,0,0
1.24062,0,0,.7316715,-3.75938,0,0
1.245623,0,0,2.421013,-3.754377,0,0
1.250625,0,0,2.697076,-3.749375,0,0
1.255628,0,0,1.173506,-3.744372,0,0
1.26063,0,0,1.356516,-3.73937,0,0
1.265633,0,1,3.057008,-3.734367,0,-3.734367
1.270635,0,0,1.725277,-3.729365,0,0
1.275638,0,0,1.139356,-3.724362,0,0
1.28064,0,0,2.195724,-3.71936,0,0
1.285643,0,0,1.08177,-3.714357,0,0
1.290645,0,0,1.854058,-3.709355,0,0
1.295648,0,0,.8927196,-3.704352,0,0
1.30065,0,1,2.883062,-3.69935,0,-3.69935
1.305653,0,0,.491938,-3.694347,0,0
1.310655,0,0,1.724472,-3.689345,0,0
1.315658,0,0,1.718768,-3.684342,0,0
1.32066,0,0,1.976769,-3.67934,0,0
1.325663,0,0,1.395521,-3.674337,0,0
1.330665,0,0,1.962481,-3.669335,0,0
1.335668,0,0,1.044879,-3.664332,0,0
1.34067,0,1,2.833154,-3.65933,0,-3.65933
1.345673,0,0,1.697984,-3.654327,0,0
1.350675,0,0,1.363178,-3.649325,0,0
1.355678,0,0,1.195866,-3.644322,0,0
1.36068,0,0,.2364526,-3.63932,0,0
1.365683,0,0,.5884296,-3.634317,0,0
1.370685,0,1,2.973257,-3.629315,0,-3.629315
1.375688,0,0,1.829601,-3.624312,0,0
1.38069,0,0,.9026113,-3.61931,0,0
1.385693,0,0,.9678756,-3.614307,0,0
1.390695,0,0,1.839501,-3.609305,0,0
1.395698,0,0,.5328935,-3.604302,0,0
1.4007,0,1,2.572955,-3.5993,0,-3.5993
1.405703,0,0,1.732969,-3.594297,0,0
1.410705,0,0,1.410816,-3.589295,0,0
1.415708,0,0,.8823357,-3.584292,0,0
1.42071,0,0,1.026421,-3.57929,0,0
1.425713,0,0,1.16831,-3.574287,0,0
1.430715,0,0,1.635664,-3.569285,0,0
1.435718,0,0,.9271379,-3.564282,0,0
1.44072,0,0,1.057542,-3.55928,0,0
1.445723,0,0,.8119719,-3.554277,0,0
1.450725,0,0,-.1988536,-3.549275,0,0
1.455728,0,0,.4821587,-3.544272,0,0
1.46073,0,0,2.245101,-3.53927,0,0
1.465733,0,0,1.797651,-3.534267,0,0
1.470735,0,0,1.56211,-3.529265,0,0
1.475738,0,0,.8039802,-3.524262,0,0
1.48074,0,0,1.435336,-3.519259,0,0
1.485743,0,1,4.405491,-3.514257,0,-3.514257
1.490745,0,0,1.194298,-3.509254,0,0
1.495748,0,0,2.418195,-3.504252,0,0
1.50075,0,0,.8890163,-3.499249,0,0
1.505753,0,0,1.307148,-3.494247,0,0
1.510755,0,0,1.502337,-3.489244,0,0
1.515758,0,0,1.393394,-3.484242,0,0
1.52076,0,0,.4743292,-3.479239,0,0
1.525763,0,1,3.32889,-3.474237,0,-3.474237
1.530765,0,1,4.195345,-3.469234,0,-3.469234
1.535768,0,0,.4726761,-3.464232,0,0
1.54077,0,0,1.868939,-3.459229,0,0
1.545773,0,0,1.709778,-3.454227,0,0
1.550775,0,0,1.095515,-3.449224,0,0
1.555778,0,0,1.618791,-3.444222,0,0
1.56078,0,0,1.569428,-3.439219,0,0
1.565783,0,0,.9069445,-3.434217,0,0
1.570785,0,0,1.600543,-3.429214,0,0
1.575788,0,0,1.605793,-3.424212,0,0
1.58079,0,0,2.241445,-3.419209,0,0
1.585793,0,0,2.274335,-3.414207,0,0
1.590795,0,0,.6484067,-3.409204,0,0
1.595798,0,1,2.418705,-3.404202,0,-3.404202
1.6008,0,1,4.241391,-3.399199,0,-3.399199
1.605803,0,0,1.276476,-3.394197,0,0
1.610805,0,1,3.630883,-3.389194,0,-3.389194
1.615808,0,0,.5291258,-3.384192,0,0
1.62081,0,1,3.844528,-3.379189,0,-3.379189
1.625813,0,0,2.892996,-3.374187,0,0
1.630815,0,0,1.787377,-3.369184,0,0
1.635818,0,1,4.03768,-3.364182,0,-3.364182
1.64082,0,0,2.407769,-3.359179,0,0
1.645823,0,0,.2600427,-3.354177,0,0
1.650825,0,0,2.649579,-3.349174,0,0
1.655828,0,1,3.118389,-3.344172,0,-3.344172
1.66083,0,0,.5501597,-3.33917,0,0
1.665833,0,0,1.638307,-3.334167,0,0
1.670835,0,0,1.518866,-3.329165,0,0
1.675838,0,0,.7543707,-3.324162,0,0
1.68084,0,1,4.890503,-3.31916,0,-3.31916
1.685843,0,0,1.092732,-3.314157,0,0
1.690845,0,0,1.71032,-3.309155,0,0
1.695848,0,0,1.244076,-3.304152,0,0
1.70085,0,0,1.254901,-3.29915,0,0
1.705853,0,0,1.314005,-3.294147,0,0
1.710855,0,0,1.133396,-3.289145,0,0
1.715858,0,0,.2361937,-3.284142,0,0
1.72086,0,0,2.490211,-3.27914,0,0
1.725863,0,0,1.398885,-3.274137,0,0
1.730865,0,0,1.604902,-3.269135,0,0
1.735868,0,0,.1427236,-3.264132,0,0
1.74087,0,0,1.712755,-3.25913,0,0
1.745873,0,0,1.96643,-3.254127,0,0
1.750875,0,0,.5453436,-3.249125,0,0
1.755878,0,0,1.457207,-3.244122,0,0
1.76088,0,0,1.70197,-3.23912,0,0
1.765883,0,0,1.084193,-3.234117,0,0
1.770885,0,0,1.572583,-3.229115,0,0
1.775888,0,0,1.364327,-3.224112,0,0
1.78089,0,0,1.325966,-3.21911,0,0
1.785893,0,0,1.000189,-3.214107,0,0
1.790895,0,0,1.557023,-3.209105,0,0
1.795898,0,0,1.102728,-3.204102,0,0
1.8009,0,0,.7081183,-3.1991,0,0
1.805903,0,0,-.2952848,-3.194097,0,0
1.810905,0,0,1.74549,-3.189095,0,0
1.815908,0,0,1.255039,-3.184092,0,0
1.82091,0,0,1.475674,-3.17909,0,0
1.825913,0,0,.2451462,-3.174087,0,0
1.830915,0,0,1.670308,-3.169085,0,0
1.835918,0,0,1.404226,-3.164082,0,0
1.84092,0,0,1.410188,-3.15908,0,0
1.845923,0,0,1.375465,-3.154077,0,0
1.850925,0,0,1.744951,-3.149075,0,0
1.855928,0,0,2.272481,-3.144072,0,0
1.86093,0,0,1.51025,-3.13907,0,0
1.865933,0,0,2.037442,-3.134067,0,0
1.870935,0,0,2.214246,-3.129065,0,0
1.875938,0,0,.8808911,-3.124062,0,0
1.88094,0,0,1.908071,-3.11906,0,0
1.885943,0,0,.9830049,-3.114057,0,0
1.890945,0,0,.9151632,-3.109055,0,0
1.895948,0,0,2.798091,-3.104052,0,0
1.90095,0,1,3.787299,-3.09905,0,-3.09905
1.905953,0,0,2.005421,-3.094047,0,0
1.910955,0,0,1.849931,-3.089045,0,0
1.915958,0,0,.9625012,-3.084042,0,0
1.92096,0,0,2.825583,-3.07904,0,0
1.925963,0,0,1.207715,-3.074037,0,0
1.930965,0,1,4.135215,-3.069035,0,-3.069035
1.935968,0,0,2.45938,-3.064032,0,0
1.940971,0,0,.8866392,-3.05903,0,0
1.945973,0,1,3.8308,-3.054027,0,-3.054027
1.950976,0,0,1.54304,-3.049025,0,0
1.955978,0,0,.2647009,-3.044022,0,0
1.960981,0,0,.4572382,-3.03902,0,0
1.965983,0,0,2.275458,-3.034017,0,0
1.970986,0,0,.9298431,-3.029015,0,0
1.975988,0,0,.8742862,-3.024012,0,0
1.980991,0,0,1.750478,-3.01901,0,0
1.985993,0,0,1.595263,-3.014007,0,0
1.990996,0,0,1.749359,-3.009005,0,0
1.995998,0,0,1.063477,-3.004002,0,0
2.001,0,1,4.730153,-2.999,0,-2.999
2.006003,0,0,.5845137,-2.993997,0,0
2.011005,0,0,1.494597,-2.988995,0,0
2.016008,0,0,1.226563,-2.983992,0,0
2.02101,0,0,1.493992,-2.97899,0,0
2.026013,0,1,2.680761,-2.973987,0,-2.973987
2.031015,0,1,4.102628,-2.968985,0,-2.968985
2.036018,0,0,2.01809,-2.963982,0,0
2.04102,0,0,1.484736,-2.95898,0,0
2.046023,0,0,1.76917,-2.953977,0,0
2.051026,0,1,3.905056,-2.948974,0,-2.948974
2.056028,0,0,1.964217,-2.943972,0,0
2.061031,0,1,4.092211,-2.938969,0,-2.938969
2.066033,0,0,1.560306,-2.933967,0,0
2.071036,0,0,.8885721,-2.928964,0,0
2.076038,0,0,2.055138,-2.923962,0,0
2.081041,0,0,2.292429,-2.918959,0,0
2.086043,0,1,3.498494,-2.913957,0,-2.913957
2.091046,0,1,2.737024,-2.908954,0,-2.908954
2.096048,0,0,1.046254,-2.903952,0,0
2.101051,0,0,1.69176,-2.898949,0,0
2.106053,0,0,1.705195,-2.893947,0,0
2.111056,0,0,.6997402,-2.888944,0,0
2.116058,0,0,2.193177,-2.883942,0,0
2.121061,0,0,1.542821,-2.878939,0,0
2.126063,0,0,1.827089,-2.873937,0,0
2.131066,0,1,3.351709,-2.868934,0,-2.868934
2.136068,0,1,2.904385,-2.863932,0,-2.863932
2.141071,0,0,1.203294,-2.858929,0,0
2.146073,0,0,1.250431,-2.853927,0,0
2.151076,0,1,4.002491,-2.848924,0,-2.848924
2.156078,0,1,4.260798,-2.843922,0,-2.843922
2.161081,0,0,2.522854,-2.838919,0,0
2.166083,0,0,1.664975,-2.833917,0,0
2.171086,0,1,4.187528,-2.828914,0,-2.828914
2.176088,0,0,1.43545,-2.823912,0,0
2.181091,0,0,1.486536,-2.818909,0,0
2.186093,0,0,.5278839,-2.813907,0,0
2.191096,0,0,2.298054,-2.808904,0,0
2.196098,0,0,1.799641,-2.803902,0,0
2.201101,0,0,.5223312,-2.798899,0,0
2.206103,0,0,1.97956,-2.793897,0,0
2.211106,0,1,3.744321,-2.788894,0,-2.788894
2.216108,0,0,2.252411,-2.783892,0,0
2.221111,0,1,3.242028,-2.778889,0,-2.778889
2.226113,0,0,.3625202,-2.773887,0,0
2.231116,0,1,4.038908,-2.768884,0,-2.768884
2.236118,0,1,4.21918,-2.763882,0,-2.763882
2.241121,0,0,2.387673,-2.758879,0,0
2.246123,0,0,2.419457,-2.753877,0,0
2.251126,0,0,.9889384,-2.748874,0,0
2.256128,0,1,4.04341,-2.743872,0,-2.743872
2.261131,0,0,1.964539,-2.738869,0,0
2.266133,0,0,2.186655,-2.733867,0,0
2.271136,0,0,2.145949,-2.728864,0,0
2.276138,0,0,2.170897,-2.723862,0,0
2.281141,0,0,1.205274,-2.718859,0,0
2.286143,0,1,3.680251,-2.713857,0,-2.713857
2.291146,0,0,1.827984,-2.708854,0,0
2.296148,0,0,.8769257,-2.703852,0,0
2.301151,0,0,1.293567,-2.698849,0,0
2.306153,0,1,3.932117,-2.693847,0,-2.693847
2.311156,0,1,3.789796,-2.688844,0,-2.688844
2.316158,0,1,4.372041,-2.683842,0,-2.683842
2.321161,0,1,4.038301,-2.678839,0,-2.678839
2.326163,0,0,1.67472,-2.673837,0,0
2.331166,0,0,2.509583,-2.668834,0,0
2.336168,0,0,.1336137,-2.663832,0,0
2.341171,0,0,2.066403,-2.658829,0,0
2.346173,0,0,1.118404,-2.653827,0,0
2.351176,0,0,1.716936,-2.648824,0,0
2.356178,0,0,2.010395,-2.643822,0,0
2.361181,0,1,3.686779,-2.638819,0,-2.638819
2.366183,0,0,2.134565,-2.633817,0,0
2.371186,0,1,3.232781,-2.628814,0,-2.628814
2.376188,0,1,3.661491,-2.623812,0,-2.623812
2.381191,0,0,2.432692,-2.618809,0,0
2.386193,0,0,1.72896,-2.613807,0,0
2.391196,0,0,1.498422,-2.608804,0,0
2.396198,0,0,1.588531,-2.603802,0,0
2.401201,0,0,.6624523,-2.598799,0,0
2.406203,0,0,1.809128,-2.593797,0,0
2.411206,0,1,2.680771,-2.588794,0,-2.588794
2.416208,0,0,2.957624,-2.583792,0,0
2.421211,0,0,2.51445,-2.578789,0,0
2.426213,0,1,3.482679,-2.573787,0,-2.573787
2.431216,0,0,2.011444,-2.568784,0,0
2.436218,0,0,1.52818,-2.563782,0,0
2.441221,0,0,1.16301,-2.558779,0,0
2.446223,0,0,2.063844,-2.553777,0,0
2.451226,0,0,2.234156,-2.548774,0,0
2.456228,0,0,1.808552,-2.543772,0,0
2.461231,0,0,2.258204,-2.538769,0,0
2.466233,0,0,1.36831,-2.533767,0,0
2.471236,0,0,1.926097,-2.528764,0,0
2.476238,0,0,1.398322,-2.523762,0,0
2.481241,0,1,4.487007,-2.518759,0,-2.518759
2.486243,0,1,2.679605,-2.513757,0,-2.513757
2.491246,0,0,2.346216,-2.508754,0,0
2.496248,0,0,2.679039,-2.503752,0,0
2.501251,0,0,1.253652,-2.498749,0,0
2.506253,0,0,1.559979,-2.493747,0,0
2.511256,0,1,3.971923,-2.488744,0,-2.488744
2.516258,0,0,1.076301,-2.483742,0,0
2.521261,0,0,1.427667,-2.478739,0,0
2.526263,0,1,4.093231,-2.473737,0,-2.473737
2.531266,0,0,1.075626,-2.468734,0,0
2.536268,0,0,2.003773,-2.463732,0,0
2.541271,0,0,1.314643,-2.458729,0,0
2.546273,0,0,1.589867,-2.453727,0,0
2.551276,0,0,1.322139,-2.448724,0,0
2.556278,0,0,1.248624,-2.443722,0,0
2.561281,0,1,4.006668,-2.438719,0,-2.438719
2.566283,0,0,1.167192,-2.433717,0,0
2.571286,0,0,2.207151,-2.428714,0,0
2.576288,0,0,1.658097,-2.423712,0,0
2.581291,0,0,1.273586,-2.418709,0,0
2.586293,0,1,3.40124,-2.413707,0,-2.413707
2.591296,0,0,1.723697,-2.408704,0,0
2.596298,0,0,1.290397,-2.403702,0,0
2.601301,0,0,1.076984,-2.398699,0,0
2.606303,0,0,1.776796,-2.393697,0,0
2.611306,0,0,2.227213,-2.388694,0,0
2.616308,0,0,1.511412,-2.383692,0,0
2.621311,0,1,3.920983,-2.378689,0,-2.378689
2.626313,0,0,1.653281,-2.373687,0,0
2.631316,0,0,1.280707,-2.368684,0,0
2.636318,0,1,3.592083,-2.363682,0,-2.363682
2.641321,0,0,1.512602,-2.358679,0,0
2.646323,0,0,.4878657,-2.353677,0,0
2.651326,0,0,.9686634,-2.348674,0,0
2.656328,0,1,3.251435,-2.343672,0,-2.343672
2.661331,0,0,2.710133,-2.338669,0,0
2.666333,0,0,2.548109,-2.333667,0,0
2.671336,0,0,1.974985,-2.328664,0,0
2.676338,0,0,1.677702,-2.323662,0,0
2.681341,0,1,3.718991,-2.318659,0,-2.318659
2.686343,0,0,1.299518,-2.313657,0,0
2.691346,0,0,1.614807,-2.308654,0,0
2.696348,0,0,3.066488,-2.303652,0,0
2.701351,0,0,2.138014,-2.298649,0,0
2.706353,0,1,3.896296,-2.293647,0,-2.293647
2.711356,0,0,.3024985,-2.288644,0,0
2.716358,0,0,1.662768,-2.283642,0,0
2.721361,0,0,1.930584,-2.278639,0,0
2.726363,0,0,1.236904,-2.273637,0,0
2.731366,0,0,3.399495,-2.268634,0,0
2.736368,0,0,2.198511,-2.263632,0,0
2.741371,0,0,2.34461,-2.258629,0,0
2.746373,0,0,1.043815,-2.253627,0,0
2.751376,0,0,.8651834,-2.248624,0,0
2.756378,0,0,1.434075,-2.243622,0,0
2.761381,0,1,4.469253,-2.238619,0,-2.238619
2.766383,0,0,1.822479,-2.233617,0,0
2.771386,0,0,1.957226,-2.228614,0,0
2.776388,0,0,2.269049,-2.223612,0,0
2.781391,0,1,4.075499,-2.218609,0,-2.218609
2.786393,0,1,3.893127,-2.213607,0,-2.213607
2.791396,0,0,1.489691,-2.208604,0,0
2.796398,0,0,2.798518,-2.203602,0,0
2.801401,0,1,3.65395,-2.198599,0,-2.198599
2.806403,0,0,2.100042,-2.193597,0,0
2.811406,0,0,.7801153,-2.188594,0,0
2.816408,0,0,1.528648,-2.183592,0,0
2.821411,0,0,1.038659,-2.178589,0,0
2.826413,0,0,1.690532,-2.173587,0,0
2.831416,0,1,3.873175,-2.168584,0,-2.168584
2.836418,0,0,2.179293,-2.163582,0,0
2.841421,0,0,2.642543,-2.158579,0,0
2.846423,0,0,1.784847,-2.153577,0,0
2.851426,0,0,2.494406,-2.148574,0,0
2.856428,0,0,1.599085,-2.143572,0,0
2.861431,0,1,3.292959,-2.138569,0,-2.138569
2.866433,0,0,.932901,-2.133567,0,0
2.871436,0,1,4.556756,-2.128564,0,-2.128564
2.876438,0,0,.4598502,-2.123562,0,0
2.881441,0,0,2.500712,-2.118559,0,0
2.886443,0,0,2.189313,-2.113557,0,0
2.891446,0,0,1.604083,-2.108554,0,0
2.896448,0,1,4.781336,-2.103552,0,-2.103552
2.901451,0,0,2.420918,-2.098549,0,0
2.906453,0,1,3.313982,-2.093547,0,-2.093547
2.911456,0,0,1.734098,-2.088544,0,0
2.916458,0,1,3.690894,-2.083542,0,-2.083542
2.921461,0,1,4.306119,-2.078539,0,-2.078539
2.926463,0,0,1.011478,-2.073537,0,0
2.931466,0,1,2.512851,-2.068534,0,-2.068534
2.936468,0,0,1.999354,-2.063532,0,0
2.941471,0,0,1.17753,-2.058529,0,0
2.946473,0,0,1.262674,-2.053527,0,0
2.951476,0,0,1.791474,-2.048524,0,0
2.956478,0,1,3.330248,-2.043522,0,-2.043522
2.961481,0,0,2.880643,-2.038519,0,0
2.966483,0,0,1.124112,-2.033517,0,0
2.971486,0,0,1.038967,-2.028514,0,0
2.976488,0,0,1.460981,-2.023512,0,0
2.981491,0,0,1.057857,-2.018509,0,0
2.986493,0,1,5.200868,-2.013507,0,-2.013507
2.991496,0,0,2.910422,-2.008504,0,0
2.996498,0,0,1.062037,-2.003502,0,0
3.001501,0,1,4.027533,-1.998499,0,-1.998499
3.006503,0,1,3.912995,-1.993497,0,-1.993497
3.011506,0,0,2.187331,-1.988494,0,0
3.016508,0,1,4.035598,-1.983492,0,-1.983492
3.021511,0,0,1.299027,-1.978489,0,0
3.026513,0,0,.9241714,-1.973487,0,0
3.031516,0,0,1.59432,-1.968484,0,0
3.036518,0,0,1.233852,-1.963482,0,0
3.041521,0,0,2.567927,-1.958479,0,0
3.046523,0,1,4.030572,-1.953477,0,-1.953477
3.051526,0,0,2.01398,-1.948474,0,0
3.056528,0,1,4.454889,-1.943472,0,-1.943472
3.061531,0,1,3.216173,-1.938469,0,-1.938469
3.066533,0,0,2.690376,-1.933467,0,0
3.071536,0,0,1.633081,-1.928464,0,0
3.076538,0,0,.9622342,-1.923462,0,0
3.081541,0,0,1.891514,-1.918459,0,0
3.086543,0,1,3.567319,-1.913457,0,-1.913457
3.091546,0,1,3.408615,-1.908454,0,-1.908454
3.096548,0,0,2.416366,-1.903452,0,0
3.101551,0,0,1.589561,-1.898449,0,0
3.106553,0,0,2.268273,-1.893447,0,0
3.111556,0,0,2.998079,-1.888444,0,0
3.116558,0,0,1.411301,-1.883442,0,0
3.121561,0,0,1.054101,-1.878439,0,0
3.126563,0,0,1.904432,-1.873437,0,0
3.131566,0,0,2.051538,-1.868434,0,0
3.136568,0,0,2.430197,-1.863432,0,0
3.141571,0,0,2.523787,-1.858429,0,0
3.146573,0,1,3.939959,-1.853427,0,-1.853427
3.151576,0,1,3.766804,-1.848424,0,-1.848424
3.156578,0,0,1.394195,-1.843422,0,0
3.161581,0,0,1.704924,-1.838419,0,0
3.166583,0,1,3.427021,-1.833417,0,-1.833417
3.171586,0,1,3.287032,-1.828414,0,-1.828414
3.176588,0,1,4.032449,-1.823412,0,-1.823412
3.181591,0,0,1.245934,-1.818409,0,0
3.186593,0,1,4.165544,-1.813407,0,-1.813407
3.191596,0,1,3.157012,-1.808404,0,-1.808404
3.196598,0,1,3.913452,-1.803402,0,-1.803402
3.201601,0,0,2.410718,-1.798399,0,0
3.206603,0,0,1.617829,-1.793397,0,0
3.211606,0,0,2.225027,-1.788394,0,0
3.216608,0,1,3.699098,-1.783392,0,-1.783392
3.221611,0,0,1.262795,-1.778389,0,0
3.226613,0,0,1.394108,-1.773387,0,0
3.231616,0,0,1.103022,-1.768384,0,0
3.236618,0,1,3.000567,-1.763382,0,-1.763382
3.241621,0,0,1.166121,-1.758379,0,0
3.246623,0,0,2.03102,-1.753377,0,0
3.251626,0,0,2.455454,-1.748374,0,0
3.256628,0,1,3.835959,-1.743372,0,-1.743372
3.261631,0,0,1.23173,-1.738369,0,0
3.266633,0,1,2.852061,-1.733367,0,-1.733367
3.271636,0,1,3.247401,-1.728364,0,-1.728364
3.276638,0,0,1.726388,-1.723362,0,0
3.281641,0,1,3.522855,-1.718359,0,-1.718359
3.286643,0,1,4.532445,-1.713357,0,-1.713357
3.291646,0,0,1.817159,-1.708354,0,0
3.296648,0,1,3.535759,-1.703352,0,-1.703352
3.301651,0,0,2.391357,-1.698349,0,0
3.306653,0,1,3.666067,-1.693347,0,-1.693347
3.311656,0,0,1.706586,-1.688344,0,0
3.316658,0,0,2.268714,-1.683342,0,0
3.321661,0,0,2.262676,-1.678339,0,0
3.326663,0,0,2.365669,-1.673337,0,0
3.331666,0,1,3.650721,-1.668334,0,-1.668334
3.336668,0,0,2.355565,-1.663332,0,0
3.341671,0,0,1.988623,-1.658329,0,0
3.346673,0,0,1.761375,-1.653327,0,0
3.351676,0,0,1.52928,-1.648324,0,0
3.356678,0,0,1.075591,-1.643322,0,0
3.361681,0,0,1.693348,-1.638319,0,0
3.366683,0,1,4.087225,-1.633317,0,-1.633317
3.371686,0,0,1.793545,-1.628314,0,0
3.376688,0,0,1.835357,-1.623312,0,0
3.381691,0,0,.9082326,-1.618309,0,0
3.386693,0,0,1.884806,-1.613307,0,0
3.391696,0,0,1.724397,-1.608304,0,0
3.396698,0,1,3.411723,-1.603302,0,-1.603302
3.401701,0,1,4.434707,-1.598299,0,-1.598299
3.406703,0,0,1.265184,-1.593297,0,0
3.411706,0,0,1.804111,-1.588294,0,0
3.416708,0,1,2.568222,-1.583292,0,-1.583292
3.421711,0,1,4.077705,-1.578289,0,-1.578289
3.426713,0,1,4.039901,-1.573287,0,-1.573287
3.431716,0,0,2.130288,-1.568284,0,0
3.436718,0,1,3.045352,-1.563282,0,-1.563282
3.441721,0,0,1.566641,-1.558279,0,0
3.446723,0,0,3.168037,-1.553277,0,0
3.451726,0,0,2.637091,-1.548274,0,0
3.456728,0,0,2.009343,-1.543272,0,0
3.461731,0,0,1.676002,-1.538269,0,0
3.466733,0,1,4.175682,-1.533267,0,-1.533267
3.471736,0,1,3.364868,-1.528264,0,-1.528264
3.476738,0,0,1.429997,-1.523262,0,0
3.481741,0,0,1.648224,-1.518259,0,0
3.486743,0,1,3.329936,-1.513257,0,-1.513257
3.491746,0,0,.707738,-1.508254,0,0
3.496748,0,0,.7080284,-1.503252,0,0
3.501751,0,0,2.844151,-1.498249,0,0
3.506753,0,1,5.086107,-1.493247,0,-1.493247
3.511756,0,0,2.751239,-1.488244,0,0
3.516758,0,1,3.794088,-1.483242,0,-1.483242
3.521761,0,0,1.569375,-1.478239,0,0
3.526763,0,0,2.558772,-1.473237,0,0
3.531766,0,0,2.841631,-1.468234,0,0
3.536768,0,0,2.099977,-1.463232,0,0
3.541771,0,0,1.616896,-1.458229,0,0
3.546773,0,1,5.490275,-1.453227,0,-1.453227
3.551776,0,0,2.136539,-1.448224,0,0
3.556778,0,0,1.145577,-1.443222,0,0
3.561781,0,0,1.811628,-1.438219,0,0
3.566783,0,0,1.394329,-1.433217,0,0
3.571786,0,0,1.939175,-1.428214,0,0
3.576788,0,0,2.448968,-1.423212,0,0
3.581791,0,0,2.078884,-1.418209,0,0
3.586793,0,1,3.238962,-1.413207,0,-1.413207
3.591796,0,1,3.21105,-1.408204,0,-1.408204
3.596798,0,1,3.891883,-1.403202,0,-1.403202
3.601801,0,0,1.460842,-1.398199,0,0
3.606803,0,0,2.413491,-1.393197,0,0
3.611806,0,1,3.419696,-1.388194,0,-1.388194
3.616808,0,1,3.327512,-1.383192,0,-1.383192
3.621811,0,1,2.535078,-1.378189,0,-1.378189
3.626813,0,0,2.726781,-1.373187,0,0
3.631816,0,0,2.525547,-1.368184,0,0
3.636818,0,1,3.69824,-1.363182,0,-1.363182
3.641821,0,1,4.238548,-1.358179,0,-1.358179
3.646823,0,1,2.949476,-1.353177,0,-1.353177
3.651826,0,1,3.874027,-1.348174,0,-1.348174
3.656828,0,0,1.972219,-1.343172,0,0
3.661831,0,0,2.383264,-1.338169,0,0
3.666833,0,1,4.248057,-1.333167,0,-1.333167
3.671836,0,1,4.939227,-1.328164,0,-1.328164
3.676838,0,0,1.079199,-1.323162,0,0
3.681841,0,0,1.096723,-1.318159,0,0
3.686843,0,0,1.646347,-1.313157,0,0
3.691846,0,1,4.747689,-1.308154,0,-1.308154
3.696848,0,1,3.764635,-1.303152,0,-1.303152
3.701851,0,0,1.271154,-1.298149,0,0
3.706853,0,0,1.833848,-1.293147,0,0
3.711856,0,0,2.369262,-1.288144,0,0
3.716858,0,0,1.631721,-1.283142,0,0
3.721861,0,0,1.627575,-1.278139,0,0
3.726863,0,1,3.950587,-1.273137,0,-1.273137
3.731866,0,1,2.982371,-1.268134,0,-1.268134
3.736868,0,0,1.450985,-1.263132,0,0
3.741871,0,0,1.744482,-1.258129,0,0
3.746873,0,1,3.995756,-1.253127,0,-1.253127
3.751876,0,1,4.156098,-1.248124,0,-1.248124
3.756878,0,0,1.331513,-1.243122,0,0
3.761881,0,0,2.624596,-1.238119,0,0
3.766883,0,1,3.362028,-1.233117,0,-1.233117
3.771886,0,0,.8138087,-1.228114,0,0
3.776888,0,0,2.444984,-1.223112,0,0
3.781891,0,0,2.550384,-1.218109,0,0
3.786893,0,0,1.711872,-1.213107,0,0
3.791896,0,1,4.686252,-1.208104,0,-1.208104
3.796898,0,0,1.817305,-1.203102,0,0
3.801901,0,0,1.324154,-1.198099,0,0
3.806903,0,1,5.534062,-1.193097,0,-1.193097
3.811906,0,0,1.670331,-1.188094,0,0
3.816908,0,1,4.705377,-1.183092,0,-1.183092
3.821911,0,1,3.155495,-1.178089,0,-1.178089
3.826913,0,1,4.400418,-1.173087,0,-1.173087
3.831916,0,1,3.307851,-1.168084,0,-1.168084
3.836918,0,0,1.913281,-1.163082,0,0
3.841921,0,0,1.785805,-1.158079,0,0
3.846923,0,0,2.023177,-1.153077,0,0
3.851926,0,1,5.214492,-1.148074,0,-1.148074
3.856928,0,0,2.516606,-1.143072,0,0
3.861931,0,0,2.045739,-1.138069,0,0
3.866934,0,0,1.705225,-1.133066,0,0
3.871936,0,1,3.578823,-1.128064,0,-1.128064
3.876939,0,0,1.040399,-1.123061,0,0
3.881941,0,1,4.120482,-1.118059,0,-1.118059
3.886944,0,0,1.665903,-1.113056,0,0
3.891946,0,0,2.402037,-1.108054,0,0
3.896949,0,0,2.765539,-1.103051,0,0
3.901951,0,1,4.714066,-1.098049,0,-1.098049
3.906954,0,1,4.346153,-1.093046,0,-1.093046
3.911956,0,0,1.709163,-1.088044,0,0
3.916959,0,0,.8626903,-1.083041,0,0
3.921961,0,0,1.889,-1.078039,0,0
3.926964,0,1,2.765354,-1.073036,0,-1.073036
3.931966,0,1,4.346029,-1.068034,0,-1.068034
3.936969,0,0,2.262803,-1.063031,0,0
3.941971,0,0,1.404246,-1.058029,0,0
3.946974,0,1,3.771678,-1.053026,0,-1.053026
3.951976,0,1,3.853494,-1.048024,0,-1.048024
3.956979,0,0,1.44656,-1.043021,0,0
3.961981,0,1,4.089697,-1.038019,0,-1.038019
3.966984,0,0,2.781442,-1.033016,0,0
3.971986,0,1,4.090431,-1.028014,0,-1.028014
3.976989,0,1,3.457607,-1.023011,0,-1.023011
3.981991,0,1,3.380841,-1.018009,0,-1.018009
3.986994,0,0,1.471074,-1.013006,0,0
3.991996,0,0,1.880902,-1.008004,0,0
3.996999,0,0,2.334319,-1.003001,0,0
4.002001,0,0,1.046972,-.9979992,0,0
4.007003,0,1,3.593219,-.9929967,0,-.9929967
4.012006,0,1,3.474969,-.9879942,0,-.9879942
4.017008,0,0,1.755544,-.9829917,0,0
4.022011,0,0,1.8715,-.9779892,0,0
4.027013,0,0,2.459074,-.9729867,0,0
4.032016,0,0,.7774884,-.9679842,0,0
4.037018,0,0,1.936617,-.9629817,0,0
4.042021,0,1,2.994983,-.9579792,0,-.9579792
4.047023,0,0,1.933275,-.9529767,0,0
4.052026,0,0,.1390875,-.9479742,0,0
4.057028,0,0,2.110678,-.9429717,0,0
4.062031,0,0,1.81492,-.9379692,0,0
4.067033,0,1,4.256239,-.9329667,0,-.9329667
4.072036,0,1,3.514413,-.9279642,0,-.9279642
4.077038,0,0,1.734437,-.9229617,0,0
4.082041,0,1,4.084444,-.9179592,0,-.9179592
4.087043,0,0,2.450263,-.9129567,0,0
4.092046,0,1,3.800676,-.9079537,0,-.9079537
4.097049,0,0,2.419583,-.9029512,0,0
4.102051,0,0,1.696754,-.8979487,0,0
4.107054,0,1,3.529683,-.8929462,0,-.8929462
4.112056,0,0,2.176833,-.8879437,0,0
4.117059,0,0,1.287253,-.8829412,0,0
4.122061,0,1,3.26613,-.8779387,0,-.8779387
4.127064,0,0,.8681255,-.8729362,0,0
4.132066,0,1,3.307068,-.8679338,0,-.8679338
4.137069,0,0,2.005919,-.8629313,0,0
4.142071,0,1,3.538884,-.8579288,0,-.8579288
4.147074,0,1,3.460621,-.8529263,0,-.8529263
4.152076,0,1,2.814682,-.8479238,0,-.8479238
4.157079,0,0,1.938781,-.8429213,0,0
4.162081,0,1,3.026909,-.8379188,0,-.8379188
4.167084,0,0,3.021186,-.8329163,0,0
4.172086,0,1,4.670368,-.8279138,0,-.8279138
4.177089,0,1,4.092964,-.8229113,0,-.8229113
4.182091,0,1,4.957095,-.8179088,0,-.8179088
4.187094,0,0,1.855486,-.8129063,0,0
4.192096,0,1,4.358983,-.8079038,0,-.8079038
4.197099,0,1,4.240945,-.8029013,0,-.8029013
4.202101,0,0,2.282052,-.7978988,0,0
4.207104,0,0,2.272116,-.7928963,0,0
4.212106,0,1,3.994076,-.7878938,0,-.7878938
4.217109,0,0,2.713157,-.7828913,0,0
4.222111,0,0,2.56108,-.7778888,0,0
4.227114,0,0,1.435292,-.7728863,0,0
4.232116,0,1,2.977998,-.7678838,0,-.7678838
4.237119,0,0,1.423933,-.7628813,0,0
4.242121,0,0,1.936098,-.7578788,0,0
4.247124,0,1,3.621924,-.7528763,0,-.7528763
4.252126,0,0,3.052431,-.7478738,0,0
4.257129,0,1,4.220798,-.7428713,0,-.7428713
4.262131,0,1,4.4257,-.7378688,0,-.7378688
4.267134,0,1,4.574229,-.7328663,0,-.7328663
4.272136,0,0,2.607239,-.7278638,0,0
4.277139,0,1,3.496241,-.7228613,0,-.7228613
4.282141,0,1,4.463478,-.7178588,0,-.7178588
4.287144,0,1,5.140016,-.7128563,0,-.7128563
4.292146,0,1,4.104537,-.7078538,0,-.7078538
4.297149,0,0,1.18879,-.7028513,0,0
4.302151,0,1,4.23198,-.6978488,0,-.6978488
4.307154,0,0,2.418547,-.6928463,0,0
4.312156,0,0,2.256673,-.6878438,0,0
4.317159,0,1,4.100854,-.6828413,0,-.6828413
4.322161,0,0,1.770032,-.6778388,0,0
4.327164,0,1,4.635278,-.6728363,0,-.6728363
4.332166,0,0,3.461991,-.6678338,0,0
4.337169,0,0,2.386655,-.6628313,0,0
4.342171,0,0,2.806046,-.6578288,0,0
4.347174,0,0,1.458962,-.6528263,0,0
4.352176,0,1,2.518989,-.6478238,0,-.6478238
4.357179,0,0,1.477571,-.6428213,0,0
4.362181,0,0,1.237831,-.6378188,0,0
4.367184,0,0,2.930927,-.6328163,0,0
4.372186,0,0,2.268402,-.6278138,0,0
4.377189,0,1,4.067953,-.6228113,0,-.6228113
4.382191,0,1,4.466924,-.6178088,0,-.6178088
4.387194,0,0,2.21879,-.6128063,0,0
4.392196,0,1,3.869301,-.6078038,0,-.6078038
4.397199,0,0,2.698865,-.6028013,0,0
4.402201,0,1,4.006335,-.5977988,0,-.5977988
4.407204,0,1,3.605744,-.5927963,0,-.5927963
4.412206,0,0,2.593214,-.5877938,0,0
4.417209,0,1,4.951897,-.5827913,0,-.5827913
4.422211,0,1,4.711231,-.5777888,0,-.5777888
4.427214,0,0,2.066149,-.5727863,0,0
4.432216,0,0,2.293195,-.5677838,0,0
4.437219,0,0,2.455176,-.5627813,0,0
4.442221,0,1,3.15848,-.5577788,0,-.5577788
4.447224,0,1,4.178684,-.5527763,0,-.5527763
4.452226,0,0,1.813745,-.5477738,0,0
4.457229,0,1,3.263637,-.5427713,0,-.5427713
4.462231,0,0,3.144543,-.5377688,0,0
4.467234,0,0,1.964892,-.5327663,0,0
4.472236,0,1,4.660592,-.5277638,0,-.5277638
4.477239,0,0,3.04762,-.5227613,0,0
4.482241,0,0,2.475687,-.5177588,0,0
4.487244,0,1,5.023131,-.5127563,0,-.5127563
4.492246,0,1,4.14957,-.5077538,0,-.5077538
4.497249,0,0,3.594059,-.5027514,0,0
4.502251,0,0,1.642618,-.4977489,0,0
4.507254,0,1,4.576249,-.4927464,0,-.4927464
4.512256,0,1,5.48529,-.4877439,0,-.4877439
4.517259,0,1,4.055408,-.4827414,0,-.4827414
4.522261,0,0,1.433182,-.4777389,0,0
4.527264,0,0,3.577408,-.4727364,0,0
4.532266,0,1,4.635822,-.4677339,0,-.4677339
4.537269,0,1,4.885888,-.4627314,0,-.4627314
4.542271,0,1,4.915791,-.4577289,0,-.4577289
4.547274,0,0,1.421871,-.4527264,0,0
4.552276,0,0,1.964031,-.4477239,0,0
4.557279,0,0,3.337399,-.4427214,0,0
4.562281,0,0,2.625237,-.4377189,0,0
4.567284,0,1,4.2956,-.4327164,0,-.4327164
4.572286,0,1,3.639745,-.4277139,0,-.4277139
4.577289,0,0,1.009875,-.4227114,0,0
4.582291,0,0,2.738203,-.4177089,0,0
4.587294,0,0,3.1667,-.4127064,0,0
4.592296,0,1,4.778583,-.4077039,0,-.4077039
4.597299,0,0,1.277481,-.4027014,0,0
4.602301,0,1,4.102019,-.3976989,0,-.3976989
4.607304,0,0,3.204932,-.3926964,0,0
4.612306,0,1,4.24877,-.3876939,0,-.3876939
4.617309,0,0,2.7413,-.3826914,0,0
4.622311,0,1,4.020453,-.3776889,0,-.3776889
4.627314,0,1,4.102189,-.3726864,0,-.3726864
4.632316,0,0,1.506118,-.3676839,0,0
4.637319,0,0,2.691134,-.3626814,0,0
4.642321,0,0,2.216961,-.3576789,0,0
4.647324,0,0,3.043684,-.3526764,0,0
4.652326,0,1,3.231012,-.3476739,0,-.3476739
4.657329,0,0,3.120698,-.3426714,0,0
4.662331,0,1,4.767945,-.3376689,0,-.3376689
4.667334,0,1,3.424204,-.3326664,0,-.3326664
4.672336,0,1,4.68433,-.3276639,0,-.3276639
4.677339,0,1,4.675649,-.3226614,0,-.3226614
4.682341,0,0,2.809877,-.3176589,0,0
4.687344,0,1,3.1961,-.3126564,0,-.3126564
4.692346,0,1,4.84295,-.3076539,0,-.3076539
4.697349,0,1,4.66076,-.3026514,0,-.3026514
4.702351,0,1,3.473768,-.2976489,0,-.2976489
4.707354,0,0,1.425497,-.2926464,0,0
4.712356,0,0,2.420181,-.2876439,0,0
4.717359,0,0,3.016235,-.2826414,0,0
4.722361,0,0,3.197646,-.2776389,0,0
4.727364,0,0,1.034325,-.2726364,0,0
4.732366,0,1,5.238545,-.2676339,0,-.2676339
4.737369,0,0,1.339239,-.2626314,0,0
4.742371,0,0,2.136297,-.2576289,0,0
4.747374,0,1,3.88629,-.2526264,0,-.2526264
4.752376,0,0,.9561957,-.2476239,0,0
4.757379,0,1,3.284065,-.2426214,0,-.2426214
4.762381,0,0,2.422327,-.2376189,0,0
4.767384,0,0,2.426645,-.2326164,0,0
4.772386,0,1,5.183371,-.2276139,0,-.2276139
4.777389,0,0,1.509691,-.2226114,0,0
4.782391,0,0,3.49879,-.2176089,0,0
4.787394,0,1,4.25364,-.2126064,0,-.2126064
4.792396,0,1,4.110845,-.2076039,0,-.2076039
4.797399,0,0,2.027712,-.2026014,0,0
4.802401,0,1,3.13899,-.1975989,0,-.1975989
4.807404,0,0,2.663538,-.1925964,0,0
4.812406,0,1,3.784803,-.1875939,0,-.1875939
4.817409,0,1,3.991703,-.1825914,0,-.1825914
4.822411,0,0,3.216848,-.1775889,0,0
4.827414,0,1,3.384414,-.1725864,0,-.1725864
4.832416,0,0,2.369286,-.1675839,0,0
4.837419,0,1,3.84806,-.1625814,0,-.1625814
4.842421,0,1,4.497065,-.1575789,0,-.1575789
4.847424,0,1,5.352227,-.1525764,0,-.1525764
4.852426,0,1,4.75883,-.1475739,0,-.1475739
4.857429,0,0,2.893561,-.1425714,0,0
4.862431,0,0,1.863503,-.137569,0,0
4.867434,0,0,2.080127,-.1325665,0,0
4.872436,0,0,2.48652,-.127564,0,0
4.877439,0,1,4.339263,-.1225615,0,-.1225615
4.882441,0,0,3.383731,-.117559,0,0
4.887444,0,0,2.73295,-.1125565,0,0
4.892446,0,1,2.699946,-.107554,0,-.107554
4.897449,0,0,2.004318,-.1025515,0,0
4.902451,0,0,1.733553,-.097549,0,0
4.907454,0,0,1.890501,-.0925465,0,0
4.912456,0,0,1.956564,-.087544,0,0
4.917459,0,0,2.174996,-.0825415,0,0
4.922461,0,1,4.076551,-.077539,0,-.077539
4.927464,0,1,3.827891,-.0725365,0,-.0725365
4.932466,0,0,3.141749,-.067534,0,0
4.937469,0,1,4.376979,-.0625315,0,-.0625315
4.942471,0,1,5.385276,-.057529,0,-.057529
4.947474,0,1,3.916121,-.0525265,0,-.0525265
4.952476,0,0,1.923735,-.047524,0,0
4.957479,0,0,1.158442,-.0425215,0,0
4.962481,0,1,4.942369,-.037519,0,-.037519
4.967484,0,1,3.819136,-.0325165,0,-.0325165
4.972486,0,1,4.307403,-.027514,0,-.027514
4.977489,0,1,4.162219,-.0225115,0,-.0225115
4.982491,0,0,2.386717,-.017509,0,0
4.987494,0,1,4.213467,-.0125065,0,-.0125065
4.992496,0,0,2.219324,-.007504,0,0
4.997499,0,0,3.31619,-.0025015,0,0
5.002501,1,0,2.147082,.0025015,.0025015,0
5.007504,1,1,3.646937,.007504,.007504,.007504
5.012506,1,1,4.458004,.0125065,.0125065,.0125065
5.017509,1,1,2.678443,.017509,.017509,.017509
5.022511,1,1,5.327831,.0225115,.0225115,.0225115
5.027514,1,1,4.055934,.027514,.027514,.027514
5.032516,1,1,4.457635,.0325165,.0325165,.0325165
5.037519,1,1,4.842276,.037519,.037519,.037519
5.042521,1,1,3.828456,.0425215,.0425215,.0425215
5.047524,1,1,4.372899,.047524,.047524,.047524
5.052526,1,1,4.710669,.0525265,.0525265,.0525265
5.057529,1,1,4.402157,.057529,.057529,.057529
5.062531,1,0,2.243682,.0625315,.0625315,0
5.067534,1,1,4.219878,.067534,.067534,.067534
5.072536,1,1,3.974474,.0725365,.0725365,.0725365
5.077539,1,1,4.282074,.077539,.077539,.077539
5.082541,1,1,5.438328,.0825415,.0825415,.0825415
5.087544,1,1,4.04618,.087544,.087544,.087544
5.092546,1,0,1.774845,.0925465,.0925465,0
5.097549,1,1,3.256041,.097549,.097549,.097549
5.102551,1,1,4.246937,.1025515,.1025515,.1025515
5.107554,1,1,5.088286,.107554,.107554,.107554
5.112556,1,1,3.783448,.1125565,.1125565,.1125565
5.117559,1,1,3.967818,.117559,.117559,.117559
5.122561,1,0,2.645479,.1225615,.1225615,0
5.127564,1,0,2.685692,.127564,.127564,0
5.132566,1,1,3.322607,.1325665,.1325665,.1325665
5.137569,1,1,4.197876,.137569,.137569,.137569
5.142571,1,1,4.502948,.1425714,.1425714,.1425714
5.147574,1,1,4.63478,.1475739,.1475739,.1475739
5.152576,1,0,2.066782,.1525764,.1525764,0
5.157579,1,0,2.625891,.1575789,.1575789,0
5.162581,1,1,3.590738,.1625814,.1625814,.1625814
5.167584,1,1,4.948365,.1675839,.1675839,.1675839
5.172586,1,0,1.812111,.1725864,.1725864,0
5.177589,1,1,5.67928,.1775889,.1775889,.1775889
5.182591,1,1,5.09855,.1825914,.1825914,.1825914
5.187594,1,1,4.705951,.1875939,.1875939,.1875939
5.192596,1,1,4.703293,.1925964,.1925964,.1925964
5.197599,1,1,4.679807,.1975989,.1975989,.1975989
5.202601,1,0,1.96855,.2026014,.2026014,0
5.207604,1,1,3.731481,.2076039,.2076039,.2076039
5.212606,1,1,4.170775,.2126064,.2126064,.2126064
5.217609,1,1,4.649715,.2176089,.2176089,.2176089
5.222611,1,1,5.033185,.2226114,.2226114,.2226114
5.227614,1,0,2.881809,.2276139,.2276139,0
5.232616,1,1,4.522748,.2326164,.2326164,.2326164
5.237619,1,1,5.434804,.2376189,.2376189,.2376189
5.242621,1,1,4.890621,.2426214,.2426214,.2426214
5.247624,1,1,4.101573,.2476239,.2476239,.2476239
5.252626,1,1,5.185177,.2526264,.2526264,.2526264
5.257629,1,1,4.465017,.2576289,.2576289,.2576289
5.262631,1,0,1.932896,.2626314,.2626314,0
5.267634,1,1,4.01353,.2676339,.2676339,.2676339
5.272636,1,1,4.132243,.2726364,.2726364,.2726364
5.277639,1,1,4.940429,.2776389,.2776389,.2776389
5.282641,1,1,5.161064,.2826414,.2826414,.2826414
5.287644,1,1,4.354682,.2876439,.2876439,.2876439
5.292646,1,1,5.327827,.2926464,.2926464,.2926464
5.297649,1,1,4.239202,.2976489,.2976489,.2976489
5.302651,1,1,5.035663,.3026514,.3026514,.3026514
5.307654,1,1,4.512089,.3076539,.3076539,.3076539
5.312656,1,1,4.269947,.3126564,.3126564,.3126564
5.317659,1,1,4.385947,.3176589,.3176589,.3176589
5.322661,1,1,4.254458,.3226614,.3226614,.3226614
5.327664,1,0,2.068635,.3276639,.3276639,0
5.332666,1,1,4.86554,.3326664,.3326664,.3326664
5.337669,1,1,3.764687,.3376689,.3376689,.3376689
5.342671,1,0,2.24965,.3426714,.3426714,0
5.347674,1,0,2.541179,.3476739,.3476739,0
5.352676,1,1,3.923694,.3526764,.3526764,.3526764
5.357679,1,1,3.00869,.3576789,.3576789,.3576789
5.362681,1,1,4.4349,.3626814,.3626814,.3626814
5.367684,1,1,3.600783,.3676839,.3676839,.3676839
5.372686,1,1,3.997282,.3726864,.3726864,.3726864
5.377689,1,1,4.683443,.3776889,.3776889,.3776889
5.382691,1,0,.7309514,.3826914,.3826914,0
5.387694,1,1,3.180813,.3876939,.3876939,.3876939
5.392696,1,1,4.30522,.3926964,.3926964,.3926964
5.397699,1,1,5.521426,.3976989,.3976989,.3976989
5.402701,1,1,4.290281,.4027014,.4027014,.4027014
5.407704,1,0,2.239548,.4077039,.4077039,0
5.412706,1,0,2.838063,.4127064,.4127064,0
5.417709,1,0,2.730829,.4177089,.4177089,0
5.422711,1,1,5.044034,.4227114,.4227114,.4227114
5.427714,1,1,4.605266,.4277139,.4277139,.4277139
5.432716,1,0,1.617274,.4327164,.4327164,0
5.437719,1,1,4.339419,.4377189,.4377189,.4377189
5.442721,1,1,3.293239,.4427214,.4427214,.4427214
5.447724,1,1,3.746277,.4477239,.4477239,.4477239
5.452726,1,0,2.404103,.4527264,.4527264,0
5.457729,1,1,4.40793,.4577289,.4577289,.4577289
5.462731,1,1,5.279874,.4627314,.4627314,.4627314
5.467734,1,0,2.431065,.4677339,.4677339,0
5.472736,1,0,1.478362,.4727364,.4727364,0
5.477739,1,1,5.296571,.4777389,.4777389,.4777389
5.482741,1,1,4.680502,.4827414,.4827414,.4827414
5.487744,1,0,1.909615,.4877439,.4877439,0
5.492746,1,1,4.214314,.4927464,.4927464,.4927464
5.497749,1,1,3.897853,.4977489,.4977489,.4977489
5.502751,1,1,3.11364,.5027514,.5027514,.5027514
5.507754,1,1,4.204867,.5077538,.5077538,.5077538
5.512756,1,1,4.663765,.5127563,.5127563,.5127563
5.517759,1,1,4.23171,.5177588,.5177588,.5177588
5.522761,1,1,2.490317,.5227613,.5227613,.5227613
5.527764,1,0,1.887144,.5277638,.5277638,0
5.532766,1,1,4.514293,.5327663,.5327663,.5327663
5.537769,1,1,4.672544,.5377688,.5377688,.5377688
5.542771,1,0,1.489007,.5427713,.5427713,0
5.547774,1,1,4.090059,.5477738,.5477738,.5477738
5.552776,1,1,5.132188,.5527763,.5527763,.5527763
5.557779,1,0,1.383823,.5577788,.5577788,0
5.562781,1,1,4.869271,.5627813,.5627813,.5627813
5.567784,1,0,2.63402,.5677838,.5677838,0
5.572786,1,1,3.896623,.5727863,.5727863,.5727863
5.577789,1,0,3.0898,.5777888,.5777888,0
5.582791,1,1,3.724198,.5827913,.5827913,.5827913
5.587794,1,1,4.730275,.5877938,.5877938,.5877938
5.592796,1,0,3.000615,.5927963,.5927963,0
5.597799,1,1,4.313733,.5977988,.5977988,.5977988
5.602801,1,1,4.525249,.6028013,.6028013,.6028013
5.607804,1,1,4.811756,.6078038,.6078038,.6078038
5.612806,1,1,4.816337,.6128063,.6128063,.6128063
5.617809,1,0,1.848018,.6178088,.6178088,0
5.622811,1,1,5.075268,.6228113,.6228113,.6228113
5.627814,1,1,4.651871,.6278138,.6278138,.6278138
5.632816,1,1,4.181067,.6328163,.6328163,.6328163
5.637819,1,1,4.30339,.6378188,.6378188,.6378188
5.642821,1,1,3.047338,.6428213,.6428213,.6428213
5.647824,1,0,2.686312,.6478238,.6478238,0
5.652826,1,1,5.112286,.6528263,.6528263,.6528263
5.657829,1,1,5.10779,.6578288,.6578288,.6578288
5.662831,1,1,3.396691,.6628313,.6628313,.6628313
5.667834,1,1,5.059433,.6678338,.6678338,.6678338
5.672836,1,1,4.697581,.6728363,.6728363,.6728363
5.677839,1,1,3.746498,.6778388,.6778388,.6778388
5.682841,1,1,4.671996,.6828413,.6828413,.6828413
5.687844,1,1,5.79251,.6878438,.6878438,.6878438
5.692846,1,1,4.116311,.6928463,.6928463,.6928463
5.697849,1,1,3.90009,.6978488,.6978488,.6978488
5.702851,1,1,4.311649,.7028513,.7028513,.7028513
5.707854,1,0,1.613564,.7078538,.7078538,0
5.712856,1,1,4.384491,.7128563,.7128563,.7128563
5.717859,1,0,2.781738,.7178588,.7178588,0
5.722861,1,1,3.878768,.7228613,.7228613,.7228613
5.727864,1,1,4.233571,.7278638,.7278638,.7278638
5.732866,1,1,4.451196,.7328663,.7328663,.7328663
5.737869,1,1,4.445276,.7378688,.7378688,.7378688
5.742871,1,1,4.540295,.7428713,.7428713,.7428713
5.747874,1,1,3.93063,.7478738,.7478738,.7478738
5.752876,1,1,3.821524,.7528763,.7528763,.7528763
5.757879,1,1,4.816106,.7578788,.7578788,.7578788
5.762881,1,1,3.416165,.7628813,.7628813,.7628813
5.767884,1,1,3.955798,.7678838,.7678838,.7678838
5.772886,1,1,5.625442,.7728863,.7728863,.7728863
5.777889,1,1,4.704418,.7778888,.7778888,.7778888
5.782891,1,0,2.322987,.7828913,.7828913,0
5.787894,1,1,3.167147,.7878938,.7878938,.7878938
5.792896,1,1,4.200223,.7928963,.7928963,.7928963
5.797899,1,1,5.380301,.7978988,.7978988,.7978988
5.802901,1,0,2.077611,.8029013,.8029013,0
5.807904,1,0,2.049993,.8079038,.8079038,0
5.812906,1,1,4.176527,.8129063,.8129063,.8129063
5.817909,1,1,4.019828,.8179088,.8179088,.8179088
5.822911,1,1,3.372213,.8229113,.8229113,.8229113
5.827914,1,1,4.38006,.8279138,.8279138,.8279138
5.832916,1,1,3.784594,.8329163,.8329163,.8329163
5.837919,1,1,6.809015,.8379188,.8379188,.8379188
5.842921,1,1,4.167668,.8429213,.8429213,.8429213
5.847924,1,1,4.585028,.8479238,.8479238,.8479238
5.852926,1,0,2.292856,.8529263,.8529263,0
5.857929,1,1,4.446979,.8579288,.8579288,.8579288
5.862931,1,1,4.066291,.8629313,.8629313,.8629313
5.867934,1,1,5.004145,.8679338,.8679338,.8679338
5.872936,1,1,5.198878,.8729362,.8729362,.8729362
5.877939,1,1,4.73334,.8779387,.8779387,.8779387
5.882941,1,0,2.566441,.8829412,.8829412,0
5.887944,1,1,4.916712,.8879437,.8879437,.8879437
5.892946,1,1,4.457547,.8929462,.8929462,.8929462
5.897949,1,1,5.028612,.8979487,.8979487,.8979487
5.902951,1,1,4.751575,.9029512,.9029512,.9029512
5.907954,1,1,4.032953,.9079537,.9079537,.9079537
5.912957,1,1,4.334766,.9129567,.9129567,.9129567
5.917959,1,1,5.086059,.9179592,.9179592,.9179592
5.922962,1,1,4.729933,.9229617,.9229617,.9229617
5.927964,1,1,4.801606,.9279642,.9279642,.9279642
5.932967,1,1,5.653584,.9329667,.9329667,.9329667
5.937969,1,1,5.190254,.9379692,.9379692,.9379692
5.942972,1,1,5.137726,.9429717,.9429717,.9429717
5.947974,1,1,4.671446,.9479742,.9479742,.9479742
5.952977,1,1,4.511546,.9529767,.9529767,.9529767
5.957979,1,1,4.611647,.9579792,.9579792,.9579792
5.962982,1,1,4.962126,.9629817,.9629817,.9629817
5.967984,1,1,4.24912,.9679842,.9679842,.9679842
5.972987,1,1,4.926136,.9729867,.9729867,.9729867
5.977989,1,1,4.433696,.9779892,.9779892,.9779892
5.982992,1,1,3.987428,.9829917,.9829917,.9829917
5.987994,1,1,5.111568,.9879942,.9879942,.9879942
5.992997,1,1,5.171615,.9929967,.9929967,.9929967
5.997999,1,1,3.736114,.9979992,.9979992,.9979992
6.003002,1,1,3.701504,1.003002,1.003002,1.003002
6.008004,1,1,4.830503,1.008004,1.008004,1.008004
6.013007,1,1,5.039395,1.013007,1.013007,1.013007
6.018009,1,1,5.156671,1.018009,1.018009,1.018009
6.023012,1,1,3.922288,1.023012,1.023012,1.023012
6.028014,1,1,3.757045,1.028014,1.028014,1.028014
6.033017,1,1,4.762146,1.033017,1.033017,1.033017
6.038019,1,1,4.653337,1.038019,1.038019,1.038019
6.043022,1,1,4.785051,1.043022,1.043022,1.043022
6.048024,1,1,4.550312,1.048024,1.048024,1.048024
6.053027,1,1,4.440063,1.053027,1.053027,1.053027
6.058029,1,0,1.603785,1.058029,1.058029,0
6.063032,1,1,4.340055,1.063032,1.063032,1.063032
6.068034,1,1,4.840375,1.068034,1.068034,1.068034
6.073037,1,1,4.778457,1.073037,1.073037,1.073037
6.078039,1,1,4.509807,1.078039,1.078039,1.078039
6.083042,1,1,3.553568,1.083042,1.083042,1.083042
6.088044,1,1,4.710831,1.088044,1.088044,1.088044
6.093047,1,1,4.450523,1.093047,1.093047,1.093047
6.098049,1,1,4.61597,1.098049,1.098049,1.098049
6.103052,1,1,4.531814,1.103052,1.103052,1.103052
6.108054,1,1,5.082546,1.108054,1.108054,1.108054
6.113057,1,1,4.045842,1.113057,1.113057,1.113057
6.118059,1,1,3.947986,1.118059,1.118059,1.118059
6.123062,1,0,3.156258,1.123062,1.123062,0
6.128064,1,0,3.063432,1.128064,1.128064,0
6.133067,1,1,4.523941,1.133067,1.133067,1.133067
6.138069,1,1,4.253438,1.138069,1.138069,1.138069
6.143072,1,1,3.891714,1.143072,1.143072,1.143072
6.148074,1,1,4.067129,1.148074,1.148074,1.148074
6.153077,1,0,1.811431,1.153077,1.153077,0
6.158079,1,0,1.98717,1.158079,1.158079,0
6.163082,1,0,3.154923,1.163082,1.163082,0
6.168084,1,1,5.274636,1.168084,1.168084,1.168084
6.173087,1,0,2.485013,1.173087,1.173087,0
6.178089,1,1,3.381521,1.178089,1.178089,1.178089
6.183092,1,1,4.478783,1.183092,1.183092,1.183092
6.188094,1,1,5.533309,1.188094,1.188094,1.188094
6.193097,1,0,2.430757,1.193097,1.193097,0
6.198099,1,1,4.799442,1.198099,1.198099,1.198099
6.203102,1,1,5.043872,1.203102,1.203102,1.203102
6.208104,1,1,4.679705,1.208104,1.208104,1.208104
6.213107,1,1,4.512504,1.213107,1.213107,1.213107
6.218109,1,1,5.168421,1.218109,1.218109,1.218109
6.223112,1,1,5.003239,1.223112,1.223112,1.223112
6.228114,1,1,5.44471,1.228114,1.228114,1.228114
6.233117,1,1,4.54241,1.233117,1.233117,1.233117
6.238119,1,1,4.122821,1.238119,1.238119,1.238119
6.243122,1,1,3.820777,1.243122,1.243122,1.243122
6.248124,1,1,5.199242,1.248124,1.248124,1.248124
6.253127,1,1,5.594898,1.253127,1.253127,1.253127
6.258129,1,1,4.193422,1.258129,1.258129,1.258129
6.263132,1,1,4.544801,1.263132,1.263132,1.263132
6.268134,1,1,4.998921,1.268134,1.268134,1.268134
6.273137,1,0,3.19914,1.273137,1.273137,0
6.278139,1,0,2.553495,1.278139,1.278139,0
6.283142,1,1,5.717855,1.283142,1.283142,1.283142
6.288144,1,0,2.577522,1.288144,1.288144,0
6.293147,1,1,5.273864,1.293147,1.293147,1.293147
6.298149,1,1,4.433435,1.298149,1.298149,1.298149
6.303152,1,1,4.908388,1.303152,1.303152,1.303152
6.308154,1,1,4.495695,1.308154,1.308154,1.308154
6.313157,1,0,3.325956,1.313157,1.313157,0
6.318159,1,1,3.729448,1.318159,1.318159,1.318159
6.323162,1,0,1.850978,1.323162,1.323162,0
6.328164,1,0,1.981901,1.328164,1.328164,0
6.333167,1,1,5.524604,1.333167,1.333167,1.333167
6.338169,1,1,5.159565,1.338169,1.338169,1.338169
6.343172,1,1,5.07708,1.343172,1.343172,1.343172
6.348174,1,1,4.394072,1.348174,1.348174,1.348174
6.353177,1,1,3.894375,1.353177,1.353177,1.353177
6.358179,1,0,2.421663,1.358179,1.358179,0
6.363182,1,1,4.44885,1.363182,1.363182,1.363182
6.368184,1,0,3.387657,1.368184,1.368184,0
6.373187,1,0,2.200567,1.373187,1.373187,0
6.378189,1,1,4.033393,1.378189,1.378189,1.378189
6.383192,1,0,2.302283,1.383192,1.383192,0
6.388194,1,1,4.612995,1.388194,1.388194,1.388194
6.393197,1,1,4.561217,1.393197,1.393197,1.393197
6.398199,1,0,1.496487,1.398199,1.398199,0
6.403202,1,1,4.389202,1.403202,1.403202,1.403202
6.408204,1,1,3.158951,1.408204,1.408204,1.408204
6.413207,1,1,5.039845,1.413207,1.413207,1.413207
6.418209,1,0,1.910466,1.418209,1.418209,0
6.423212,1,1,3.893603,1.423212,1.423212,1.423212
6.428214,1,1,4.570355,1.428214,1.428214,1.428214
6.433217,1,1,4.899776,1.433217,1.433217,1.433217
6.438219,1,0,1.66048,1.438219,1.438219,0
6.443222,1,1,5.08899,1.443222,1.443222,1.443222
6.448224,1,1,3.490247,1.448224,1.448224,1.448224
6.453227,1,1,4.778435,1.453227,1.453227,1.453227
6.458229,1,1,4.889825,1.458229,1.458229,1.458229
6.463232,1,1,4.801982,1.463232,1.463232,1.463232
6.468234,1,1,4.102032,1.468234,1.468234,1.468234
6.473237,1,1,5.247298,1.473237,1.473237,1.473237
6.478239,1,1,4.732057,1.478239,1.478239,1.478239
6.483242,1,1,4.839572,1.483242,1.483242,1.483242
6.488244,1,0,2.290921,1.488244,1.488244,0
6.493247,1,1,4.356084,1.493247,1.493247,1.493247
6.498249,1,1,5.425548,1.498249,1.498249,1.498249
6.503252,1,1,4.434941,1.503252,1.503252,1.503252
6.508254,1,0,2.177792,1.508254,1.508254,0
6.513257,1,1,4.858818,1.513257,1.513257,1.513257
6.518259,1,1,4.570492,1.518259,1.518259,1.518259
6.523262,1,1,4.510212,1.523262,1.523262,1.523262
6.528264,1,1,5.809614,1.528264,1.528264,1.528264
6.533267,1,1,5.344112,1.533267,1.533267,1.533267
6.538269,1,1,3.921524,1.538269,1.538269,1.538269
6.543272,1,1,3.847619,1.543272,1.543272,1.543272
6.548274,1,1,5.374876,1.548274,1.548274,1.548274
6.553277,1,1,4.451829,1.553277,1.553277,1.553277
6.558279,1,1,3.964806,1.558279,1.558279,1.558279
6.563282,1,1,5.142927,1.563282,1.563282,1.563282
6.568284,1,1,5.34371,1.568284,1.568284,1.568284
6.573287,1,1,5.501036,1.573287,1.573287,1.573287
6.578289,1,0,2.340528,1.578289,1.578289,0
6.583292,1,1,4.222845,1.583292,1.583292,1.583292
6.588294,1,1,4.110218,1.588294,1.588294,1.588294
6.593297,1,1,4.927788,1.593297,1.593297,1.593297
6.598299,1,1,5.076119,1.598299,1.598299,1.598299
6.603302,1,0,2.714871,1.603302,1.603302,0
6.608304,1,1,4.523033,1.608304,1.608304,1.608304
6.613307,1,1,5.622258,1.613307,1.613307,1.613307
6.618309,1,0,2.339355,1.618309,1.618309,0
6.623312,1,1,4.664246,1.623312,1.623312,1.623312
6.628314,1,1,5.358772,1.628314,1.628314,1.628314
6.633317,1,1,4.879298,1.633317,1.633317,1.633317
6.638319,1,1,4.556516,1.638319,1.638319,1.638319
6.643322,1,1,5.133459,1.643322,1.643322,1.643322
6.648324,1,1,4.562239,1.648324,1.648324,1.648324
6.653327,1,1,4.008644,1.653327,1.653327,1.653327
6.658329,1,1,4.269297,1.658329,1.658329,1.658329
6.663332,1,1,4.431064,1.663332,1.663332,1.663332
6.668334,1,0,3.262429,1.668334,1.668334,0
6.673337,1,1,4.600127,1.673337,1.673337,1.673337
6.678339,1,1,4.55146,1.678339,1.678339,1.678339
6.683342,1,1,5.507634,1.683342,1.683342,1.683342
6.688344,1,1,3.497936,1.688344,1.688344,1.688344
6.693347,1,1,4.215488,1.693347,1.693347,1.693347
6.698349,1,0,2.530096,1.698349,1.698349,0
6.703351,1,1,5.314445,1.703351,1.703351,1.703351
6.708354,1,0,2.390147,1.708354,1.708354,0
6.713356,1,1,4.90823,1.713356,1.713356,1.713356
6.718359,1,0,3.055908,1.718359,1.718359,0
6.723361,1,1,3.631689,1.723361,1.723361,1.723361
6.728364,1,0,2.361063,1.728364,1.728364,0
6.733366,1,0,3.153316,1.733366,1.733366,0
6.738369,1,1,5.608844,1.738369,1.738369,1.738369
6.743371,1,1,4.312197,1.743371,1.743371,1.743371
6.748374,1,1,4.939335,1.748374,1.748374,1.748374
6.753376,1,1,4.541086,1.753376,1.753376,1.753376
6.758379,1,1,4.322381,1.758379,1.758379,1.758379
6.763381,1,1,5.252121,1.763381,1.763381,1.763381
6.768384,1,1,5.069736,1.768384,1.768384,1.768384
6.773386,1,1,5.226203,1.773386,1.773386,1.773386
6.778389,1,0,3.384144,1.778389,1.778389,0
6.783391,1,1,5.451295,1.783391,1.783391,1.783391
6.788394,1,1,4.182145,1.788394,1.788394,1.788394
6.793396,1,1,3.659037,1.793396,1.793396,1.793396
6.798399,1,1,3.815125,1.798399,1.798399,1.798399
6.803401,1,1,5.449275,1.803401,1.803401,1.803401
6.808404,1,1,4.736028,1.808404,1.808404,1.808404
6.813406,1,1,4.762994,1.813406,1.813406,1.813406
6.818409,1,1,5.09051,1.818409,1.818409,1.818409
6.823412,1,1,3.768886,1.823412,1.823412,1.823412
6.828414,1,0,3.248389,1.828414,1.828414,0
6.833417,1,1,4.064322,1.833417,1.833417,1.833417
6.838419,1,1,3.973468,1.838419,1.838419,1.838419
6.843422,1,1,4.670305,1.843422,1.843422,1.843422
6.848424,1,1,4.728082,1.848424,1.848424,1.848424
6.853427,1,1,4.247561,1.853427,1.853427,1.853427
6.858429,1,1,4.688755,1.858429,1.858429,1.858429
6.863432,1,1,4.846618,1.863432,1.863432,1.863432
6.868434,1,1,4.998825,1.868434,1.868434,1.868434
6.873437,1,0,2.899678,1.873437,1.873437,0
6.878439,1,1,4.387129,1.878439,1.878439,1.878439
6.883442,1,1,5.055204,1.883442,1.883442,1.883442
6.888444,1,1,3.808998,1.888444,1.888444,1.888444
6.893447,1,1,5.167785,1.893447,1.893447,1.893447
6.898449,1,1,4.624969,1.898449,1.898449,1.898449
6.903452,1,1,4.044091,1.903452,1.903452,1.903452
6.908454,1,1,3.756591,1.908454,1.908454,1.908454
6.913457,1,1,4.779349,1.913457,1.913457,1.913457
6.918459,1,1,4.623304,1.918459,1.918459,1.918459
6.923462,1,1,5.165624,1.923462,1.923462,1.923462
6.928464,1,1,5.103782,1.928464,1.928464,1.928464
6.933467,1,0,2.022011,1.933467,1.933467,0
6.938469,1,1,4.671904,1.938469,1.938469,1.938469
6.943472,1,1,4.412033,1.943472,1.943472,1.943472
6.948474,1,1,5.333042,1.948474,1.948474,1.948474
6.953477,1,0,3.628787,1.953477,1.953477,0
6.958479,1,1,5.990927,1.958479,1.958479,1.958479
6.963482,1,1,3.317542,1.963482,1.963482,1.963482
6.968484,1,1,5.093183,1.968484,1.968484,1.968484
6.973487,1,1,4.119154,1.973487,1.973487,1.973487
6.978489,1,1,5.086003,1.978489,1.978489,1.978489
6.983492,1,1,4.446999,1.983492,1.983492,1.983492
6.988494,1,1,4.966306,1.988494,1.988494,1.988494
6.993497,1,1,5.879185,1.993497,1.993497,1.993497
6.998499,1,0,2.785702,1.998499,1.998499,0
7.003502,1,1,5.461782,2.003502,2.003502,2.003502
7.008504,1,1,3.901924,2.008504,2.008504,2.008504
7.013507,1,1,4.540434,2.013507,2.013507,2.013507
7.018509,1,0,2.305343,2.018509,2.018509,0
7.023512,1,1,4.888913,2.023512,2.023512,2.023512
7.028514,1,0,3.066774,2.028514,2.028514,0
7.033517,1,1,4.550004,2.033517,2.033517,2.033517
7.038519,1,1,5.372443,2.038519,2.038519,2.038519
7.043522,1,1,3.969633,2.043522,2.043522,2.043522
7.048524,1,1,5.193825,2.048524,2.048524,2.048524
7.053527,1,1,4.994141,2.053527,2.053527,2.053527
7.058529,1,1,3.980413,2.058529,2.058529,2.058529
7.063532,1,1,4.95957,2.063532,2.063532,2.063532
7.068534,1,1,5.340189,2.068534,2.068534,2.068534
7.073537,1,1,5.350998,2.073537,2.073537,2.073537
7.078539,1,1,5.252794,2.078539,2.078539,2.078539
7.083542,1,1,5.499891,2.083542,2.083542,2.083542
7.088544,1,1,4.966331,2.088544,2.088544,2.088544
7.093547,1,1,3.869887,2.093547,2.093547,2.093547
7.098549,1,1,4.222559,2.098549,2.098549,2.098549
7.103552,1,0,3.925243,2.103552,2.103552,0
7.108554,1,1,3.780831,2.108554,2.108554,2.108554
7.113557,1,1,5.446011,2.113557,2.113557,2.113557
7.118559,1,0,3.298129,2.118559,2.118559,0
7.123562,1,1,4.795589,2.123562,2.123562,2.123562
7.128564,1,1,4.84543,2.128564,2.128564,2.128564
7.133567,1,1,4.424424,2.133567,2.133567,2.133567
7.138569,1,1,4.659202,2.138569,2.138569,2.138569
7.143572,1,1,4.870471,2.143572,2.143572,2.143572
7.148574,1,1,4.218376,2.148574,2.148574,2.148574
7.153577,1,1,3.375302,2.153577,2.153577,2.153577
7.158579,1,1,4.216369,2.158579,2.158579,2.158579
7.163582,1,1,4.891637,2.163582,2.163582,2.163582
7.168584,1,1,4.802805,2.168584,2.168584,2.168584
7.173587,1,1,3.740979,2.173587,2.173587,2.173587
7.178589,1,1,4.567471,2.178589,2.178589,2.178589
7.183592,1,1,5.303889,2.183592,2.183592,2.183592
7.188594,1,1,5.395907,2.188594,2.188594,2.188594
7.193597,1,1,5.301072,2.193597,2.193597,2.193597
7.198599,1,0,3.846585,2.198599,2.198599,0
7.203602,1,1,4.854027,2.203602,2.203602,2.203602
7.208604,1,0,3.337818,2.208604,2.208604,0
7.213607,1,1,4.442983,2.213607,2.213607,2.213607
7.218609,1,1,4.332517,2.218609,2.218609,2.218609
7.223612,1,1,4.040937,2.223612,2.223612,2.223612
7.228614,1,1,4.37896,2.228614,2.228614,2.228614
7.233617,1,1,4.417994,2.233617,2.233617,2.233617
7.238619,1,1,5.160431,2.238619,2.238619,2.238619
7.243622,1,1,5.376499,2.243622,2.243622,2.243622
7.248624,1,1,4.014553,2.248624,2.248624,2.248624
7.253627,1,1,4.889289,2.253627,2.253627,2.253627
7.258629,1,1,5.031199,2.258629,2.258629,2.258629
7.263632,1,1,4.721313,2.263632,2.263632,2.263632
7.268634,1,1,4.971256,2.268634,2.268634,2.268634
7.273637,1,0,3.086903,2.273637,2.273637,0
7.278639,1,1,4.915055,2.278639,2.278639,2.278639
7.283642,1,0,3.060429,2.283642,2.283642,0
7.288644,1,1,4.261599,2.288644,2.288644,2.288644
7.293647,1,1,4.683593,2.293647,2.293647,2.293647
7.298649,1,1,5.355659,2.298649,2.298649,2.298649
7.303652,1,0,2.08914,2.303652,2.303652,0
7.308654,1,0,2.848974,2.308654,2.308654,0
7.313657,1,1,4.164424,2.313657,2.313657,2.313657
7.318659,1,1,5.356338,2.318659,2.318659,2.318659
7.323662,1,1,4.14756,2.323662,2.323662,2.323662
7.328664,1,1,4.210899,2.328664,2.328664,2.328664
7.333667,1,1,4.562821,2.333667,2.333667,2.333667
7.338669,1,1,5.255658,2.338669,2.338669,2.338669
7.343672,1,1,4.721886,2.343672,2.343672,2.343672
7.348674,1,1,5.356785,2.348674,2.348674,2.348674
7.353677,1,1,5.558945,2.353677,2.353677,2.353677
7.358679,1,1,4.712492,2.358679,2.358679,2.358679
7.363682,1,1,4.320506,2.363682,2.363682,2.363682
7.368684,1,1,4.706897,2.368684,2.368684,2.368684
7.373687,1,1,4.838137,2.373687,2.373687,2.373687
7.378689,1,1,4.658092,2.378689,2.378689,2.378689
7.383692,1,1,5.093268,2.383692,2.383692,2.383692
7.388694,1,1,4.619312,2.388694,2.388694,2.388694
7.393697,1,1,3.942423,2.393697,2.393697,2.393697
7.398699,1,1,5.737754,2.398699,2.398699,2.398699
7.403702,1,1,4.469183,2.403702,2.403702,2.403702
7.408704,1,1,5.431795,2.408704,2.408704,2.408704
7.413707,1,1,4.786531,2.413707,2.413707,2.413707
7.418709,1,1,4.808725,2.418709,2.418709,2.418709
7.423712,1,1,5.350964,2.423712,2.423712,2.423712
7.428714,1,1,5.061428,2.428714,2.428714,2.428714
7.433717,1,1,4.609107,2.433717,2.433717,2.433717
7.438719,1,1,4.55649,2.438719,2.438719,2.438719
7.443722,1,1,4.796814,2.443722,2.443722,2.443722
7.448724,1,1,4.433909,2.448724,2.448724,2.448724
7.453727,1,1,5.737958,2.453727,2.453727,2.453727
7.458729,1,1,4.54108,2.458729,2.458729,2.458729
7.463732,1,1,4.513365,2.463732,2.463732,2.463732
7.468734,1,1,4.32289,2.468734,2.468734,2.468734
7.473737,1,1,5.15225,2.473737,2.473737,2.473737
7.478739,1,1,4.479283,2.478739,2.478739,2.478739
7.483742,1,1,4.799387,2.483742,2.483742,2.483742
7.488744,1,1,4.629412,2.488744,2.488744,2.488744
7.493747,1,1,5.178497,2.493747,2.493747,2.493747
7.498749,1,1,5.031524,2.498749,2.498749,2.498749
7.503752,1,1,4.575447,2.503752,2.503752,2.503752
7.508754,1,1,4.407676,2.508754,2.508754,2.508754
7.513757,1,1,5.298085,2.513757,2.513757,2.513757
7.518759,1,1,4.525083,2.518759,2.518759,2.518759
7.523762,1,1,3.003349,2.523762,2.523762,2.523762
7.528764,1,1,5.081678,2.528764,2.528764,2.528764
7.533767,1,1,4.895249,2.533767,2.533767,2.533767
7.538769,1,1,5.117352,2.538769,2.538769,2.538769
7.543772,1,1,5.626569,2.543772,2.543772,2.543772
7.548774,1,1,4.763216,2.548774,2.548774,2.548774
7.553777,1,1,4.664478,2.553777,2.553777,2.553777
7.558779,1,1,4.858957,2.558779,2.558779,2.558779
7.563782,1,1,4.567645,2.563782,2.563782,2.563782
7.568784,1,0,2.959765,2.568784,2.568784,0
7.573787,1,1,5.304322,2.573787,2.573787,2.573787
7.578789,1,1,5.32633,2.578789,2.578789,2.578789
7.583792,1,1,4.275501,2.583792,2.583792,2.583792
7.588794,1,0,2.74288,2.588794,2.588794,0
7.593797,1,1,5.011904,2.593797,2.593797,2.593797
7.598799,1,1,5.127035,2.598799,2.598799,2.598799
7.603802,1,1,5.823232,2.603802,2.603802,2.603802
7.608804,1,1,5.140326,2.608804,2.608804,2.608804
7.613807,1,1,4.535856,2.613807,2.613807,2.613807
7.618809,1,1,3.497554,2.618809,2.618809,2.618809
7.623812,1,1,6.131772,2.623812,2.623812,2.623812
7.628814,1,1,6.262459,2.628814,2.628814,2.628814
7.633817,1,1,5.621705,2.633817,2.633817,2.633817
7.638819,1,1,5.222249,2.638819,2.638819,2.638819
7.643822,1,1,5.554911,2.643822,2.643822,2.643822
7.648824,1,1,5.791967,2.648824,2.648824,2.648824
7.653827,1,0,2.879949,2.653827,2.653827,0
7.658829,1,1,5.133813,2.658829,2.658829,2.658829
7.663832,1,0,2.40482,2.663832,2.663832,0
7.668834,1,0,2.140701,2.668834,2.668834,0
7.673837,1,1,5.262252,2.673837,2.673837,2.673837
7.678839,1,0,2.504917,2.678839,2.678839,0
7.683842,1,1,5.433441,2.683842,2.683842,2.683842
7.688844,1,1,4.514244,2.688844,2.688844,2.688844
7.693847,1,1,5.322645,2.693847,2.693847,2.693847
7.698849,1,1,4.449488,2.698849,2.698849,2.698849
7.703852,1,1,4.976341,2.703852,2.703852,2.703852
7.708854,1,1,4.932568,2.708854,2.708854,2.708854
7.713857,1,1,5.123951,2.713857,2.713857,2.713857
7.718859,1,1,6.096397,2.718859,2.718859,2.718859
7.723862,1,1,5.033095,2.723862,2.723862,2.723862
7.728865,1,1,5.135218,2.728865,2.728865,2.728865
7.733867,1,1,5.390792,2.733867,2.733867,2.733867
7.73887,1,1,5.336701,2.73887,2.73887,2.73887
7.743872,1,1,5.438952,2.743872,2.743872,2.743872
7.748875,1,1,4.974752,2.748875,2.748875,2.748875
7.753877,1,1,4.233328,2.753877,2.753877,2.753877
7.75888,1,1,4.722539,2.75888,2.75888,2.75888
7.763882,1,1,5.848538,2.763882,2.763882,2.763882
7.768885,1,1,4.246817,2.768885,2.768885,2.768885
7.773887,1,1,6.006823,2.773887,2.773887,2.773887
7.77889,1,1,5.101092,2.77889,2.77889,2.77889
7.783892,1,1,4.615745,2.783892,2.783892,2.783892
7.788895,1,1,4.388753,2.788895,2.788895,2.788895
7.793897,1,1,5.237409,2.793897,2.793897,2.793897
7.7989,1,1,4.585249,2.7989,2.7989,2.7989
7.803902,1,1,5.277642,2.803902,2.803902,2.803902
7.808905,1,1,4.672853,2.808905,2.808905,2.808905
7.813907,1,1,4.969927,2.813907,2.813907,2.813907
7.81891,1,1,5.352221,2.81891,2.81891,2.81891
7.823912,1,1,5.319776,2.823912,2.823912,2.823912
7.828915,1,1,5.381688,2.828915,2.828915,2.828915
7.833917,1,1,4.895864,2.833917,2.833917,2.833917
7.83892,1,1,5.604266,2.83892,2.83892,2.83892
7.843922,1,1,3.912571,2.843922,2.843922,2.843922
7.848925,1,1,4.744069,2.848925,2.848925,2.848925
7.853927,1,0,3.210453,2.853927,2.853927,0
7.85893,1,1,5.32794,2.85893,2.85893,2.85893
7.863932,1,1,5.120906,2.863932,2.863932,2.863932
7.868935,1,1,4.902008,2.868935,2.868935,2.868935
7.873937,1,1,4.45046,2.873937,2.873937,2.873937
7.87894,1,1,4.652265,2.87894,2.87894,2.87894
7.883942,1,1,4.95646,2.883942,2.883942,2.883942
7.888945,1,1,4.615513,2.888945,2.888945,2.888945
7.893947,1,1,3.442027,2.893947,2.893947,2.893947
7.89895,1,1,5.33244,2.89895,2.89895,2.89895
7.903952,1,1,5.246695,2.903952,2.903952,2.903952
7.908955,1,1,6.051787,2.908955,2.908955,2.908955
7.913957,1,0,2.693221,2.913957,2.913957,0
7.91896,1,1,5.39394,2.91896,2.91896,2.91896
7.923962,1,1,5.284539,2.923962,2.923962,2.923962
7.928965,1,1,4.419378,2.928965,2.928965,2.928965
7.933967,1,1,6.011508,2.933967,2.933967,2.933967
7.93897,1,1,5.198181,2.93897,2.93897,2.93897
7.943972,1,1,5.095394,2.943972,2.943972,2.943972
7.948975,1,1,5.034305,2.948975,2.948975,2.948975
7.953977,1,1,6.445911,2.953977,2.953977,2.953977
7.95898,1,1,4.862251,2.95898,2.95898,2.95898
7.963982,1,1,4.528018,2.963982,2.963982,2.963982
7.968985,1,1,4.630249,2.968985,2.968985,2.968985
7.973987,1,1,5.112118,2.973987,2.973987,2.973987
7.97899,1,1,6.453732,2.97899,2.97899,2.97899
7.983992,1,1,5.496079,2.983992,2.983992,2.983992
7.988995,1,1,6.149132,2.988995,2.988995,2.988995
7.993997,1,1,5.370025,2.993997,2.993997,2.993997
7.999,1,1,5.351201,2.999,2.999,2.999
8.004002,1,1,4.075228,3.004002,3.004002,3.004002
8.009005,1,1,5.522638,3.009005,3.009005,3.009005
8.014007,1,1,5.20722,3.014007,3.014007,3.014007
8.01901,1,1,4.746472,3.01901,3.01901,3.01901
8.024012,1,1,5.314987,3.024012,3.024012,3.024012
8.029015,1,1,4.301491,3.029015,3.029015,3.029015
8.034017,1,1,5.032942,3.034017,3.034017,3.034017
8.03902,1,1,4.101354,3.03902,3.03902,3.03902
8.044022,1,1,4.809921,3.044022,3.044022,3.044022
8.049025,1,1,4.882029,3.049025,3.049025,3.049025
8.054027,1,1,4.443725,3.054027,3.054027,3.054027
8.05903,1,1,5.461757,3.05903,3.05903,3.05903
8.064032,1,1,5.542833,3.064032,3.064032,3.064032
8.069035,1,1,5.542719,3.069035,3.069035,3.069035
8.074037,1,1,5.211914,3.074037,3.074037,3.074037
8.07904,1,1,4.56969,3.07904,3.07904,3.07904
8.084042,1,1,4.219562,3.084042,3.084042,3.084042
8.089045,1,1,4.789774,3.089045,3.089045,3.089045
8.094047,1,1,4.740646,3.094047,3.094047,3.094047
8.09905,1,1,5.233691,3.09905,3.09905,3.09905
8.104052,1,1,4.985155,3.104052,3.104052,3.104052
8.109055,1,0,2.04402,3.109055,3.109055,0
8.114057,1,1,5.155473,3.114057,3.114057,3.114057
8.11906,1,1,5.7125,3.11906,3.11906,3.11906
8.124062,1,1,5.121378,3.124062,3.124062,3.124062
8.129065,1,1,4.167795,3.129065,3.129065,3.129065
8.134067,1,1,5.542525,3.134067,3.134067,3.134067
8.13907,1,1,5.761032,3.13907,3.13907,3.13907
8.144072,1,1,4.297153,3.144072,3.144072,3.144072
8.149075,1,1,4.782394,3.149075,3.149075,3.149075
8.154077,1,1,5.284608,3.154077,3.154077,3.154077
8.15908,1,1,5.221613,3.15908,3.15908,3.15908
8.164082,1,1,5.294278,3.164082,3.164082,3.164082
8.169085,1,1,4.124963,3.169085,3.169085,3.169085
8.174087,1,1,4.549874,3.174087,3.174087,3.174087
8.17909,1,1,5.338871,3.17909,3.17909,3.17909
8.184093,1,1,4.923587,3.184093,3.184093,3.184093
8.189095,1,1,5.907531,3.189095,3.189095,3.189095
8.194098,1,1,5.856416,3.194098,3.194098,3.194098
8.1991,1,0,4.060788,3.1991,3.1991,0
8.204103,1,1,5.752607,3.204103,3.204103,3.204103
8.209105,1,1,4.345669,3.209105,3.209105,3.209105
8.214108,1,1,5.470842,3.214108,3.214108,3.214108
8.21911,1,0,2.915755,3.21911,3.21911,0
8.224113,1,1,4.500499,3.224113,3.224113,3.224113
8.229115,1,1,4.703769,3.229115,3.229115,3.229115
8.234118,1,1,5.242152,3.234118,3.234118,3.234118
8.23912,1,1,5.136144,3.23912,3.23912,3.23912
8.244123,1,1,5.377134,3.244123,3.244123,3.244123
8.249125,1,1,4.563255,3.249125,3.249125,3.249125
8.254128,1,1,4.453611,3.254128,3.254128,3.254128
8.25913,1,1,5.537548,3.25913,3.25913,3.25913
8.264132,1,1,5.1802,3.264132,3.264132,3.264132
8.269135,1,1,5.615824,3.269135,3.269135,3.269135
8.274137,1,0,2.965763,3.274137,3.274137,0
8.27914,1,1,4.545394,3.27914,3.27914,3.27914
8.284142,1,1,5.776811,3.284142,3.284142,3.284142
8.289145,1,1,4.276654,3.289145,3.289145,3.289145
8.294147,1,1,3.848775,3.294147,3.294147,3.294147
8.29915,1,1,4.88734,3.29915,3.29915,3.29915
8.304152,1,1,5.15836,3.304152,3.304152,3.304152
8.309155,1,1,5.121404,3.309155,3.309155,3.309155
8.314157,1,1,5.227361,3.314157,3.314157,3.314157
8.31916,1,1,4.650336,3.31916,3.31916,3.31916
8.324162,1,1,4.839846,3.324162,3.324162,3.324162
8.329165,1,1,5.402215,3.329165,3.329165,3.329165
8.334167,1,1,4.368712,3.334167,3.334167,3.334167
8.33917,1,0,1.900675,3.33917,3.33917,0
8.344172,1,1,5.305402,3.344172,3.344172,3.344172
8.349174,1,1,5.359258,3.349174,3.349174,3.349174
8.354177,1,1,5.582998,3.354177,3.354177,3.354177
8.359179,1,1,5.914044,3.359179,3.359179,3.359179
8.364182,1,1,5.158885,3.364182,3.364182,3.364182
8.369184,1,1,5.31662,3.369184,3.369184,3.369184
8.374187,1,1,3.606243,3.374187,3.374187,3.374187
8.379189,1,1,4.528442,3.379189,3.379189,3.379189
8.384192,1,1,4.549982,3.384192,3.384192,3.384192
8.389194,1,1,4.854506,3.389194,3.389194,3.389194
8.394197,1,1,4.825349,3.394197,3.394197,3.394197
8.399199,1,1,5.510051,3.399199,3.399199,3.399199
8.404202,1,1,4.648505,3.404202,3.404202,3.404202
8.409204,1,1,5.171723,3.409204,3.409204,3.409204
8.414207,1,1,5.633377,3.414207,3.414207,3.414207
8.419209,1,1,5.34824,3.419209,3.419209,3.419209
8.424212,1,1,5.491168,3.424212,3.424212,3.424212
8.429214,1,1,4.620934,3.429214,3.429214,3.429214
8.434217,1,1,4.496058,3.434217,3.434217,3.434217
8.439219,1,1,6.246984,3.439219,3.439219,3.439219
8.444222,1,1,4.541491,3.444222,3.444222,3.444222
8.449224,1,1,4.713554,3.449224,3.449224,3.449224
8.454227,1,1,4.315021,3.454227,3.454227,3.454227
8.459229,1,1,4.633142,3.459229,3.459229,3.459229
8.464232,1,1,6.256469,3.464232,3.464232,3.464232
8.469234,1,1,5.232623,3.469234,3.469234,3.469234
8.474237,1,0,2.717026,3.474237,3.474237,0
8.479239,1,1,5.658957,3.479239,3.479239,3.479239
8.484242,1,1,4.129901,3.484242,3.484242,3.484242
8.489244,1,1,5.128172,3.489244,3.489244,3.489244
8.494247,1,1,5.007629,3.494247,3.494247,3.494247
8.499249,1,1,4.973777,3.499249,3.499249,3.499249
8.504252,1,1,5.078586,3.504252,3.504252,3.504252
8.509254,1,1,3.928586,3.509254,3.509254,3.509254
8.514257,1,1,4.419822,3.514257,3.514257,3.514257
8.519259,1,1,5.31597,3.519259,3.519259,3.519259
8.524262,1,1,4.761951,3.524262,3.524262,3.524262
8.529264,1,1,5.026585,3.529264,3.529264,3.529264
8.534267,1,1,5.070056,3.534267,3.534267,3.534267
8.539269,1,1,5.733958,3.539269,3.539269,3.539269
8.544272,1,1,4.888784,3.544272,3.544272,3.544272
8.549274,1,0,2.883941,3.549274,3.549274,0
8.554277,1,1,5.373791,3.554277,3.554277,3.554277
8.559279,1,1,4.763648,3.559279,3.559279,3.559279
8.564282,1,1,4.622744,3.564282,3.564282,3.564282
8.569284,1,1,5.303468,3.569284,3.569284,3.569284
8.574287,1,1,5.172323,3.574287,3.574287,3.574287
8.579289,1,1,5.923395,3.579289,3.579289,3.579289
8.584292,1,1,5.034852,3.584292,3.584292,3.584292
8.589294,1,1,5.900672,3.589294,3.589294,3.589294
8.594297,1,1,5.500237,3.594297,3.594297,3.594297
8.599299,1,1,5.408088,3.599299,3.599299,3.599299
8.604302,1,1,4.659414,3.604302,3.604302,3.604302
8.609304,1,1,4.134763,3.609304,3.609304,3.609304
8.614307,1,1,6.173104,3.614307,3.614307,3.614307
8.619309,1,1,5.165359,3.619309,3.619309,3.619309
8.624312,1,1,5.264493,3.624312,3.624312,3.624312
8.629314,1,1,5.351341,3.629314,3.629314,3.629314
8.634317,1,1,5.051227,3.634317,3.634317,3.634317
8.639319,1,1,5.487788,3.639319,3.639319,3.639319
8.644322,1,1,4.257661,3.644322,3.644322,3.644322
8.649324,1,1,5.092162,3.649324,3.649324,3.649324
8.654327,1,0,2.112261,3.654327,3.654327,0
8.659329,1,1,4.762326,3.659329,3.659329,3.659329
8.664332,1,1,4.328032,3.664332,3.664332,3.664332
8.669334,1,1,5.408807,3.669334,3.669334,3.669334
8.674337,1,1,4.78671,3.674337,3.674337,3.674337
8.679339,1,1,4.943779,3.679339,3.679339,3.679339
8.684342,1,1,5.268545,3.684342,3.684342,3.684342
8.689344,1,1,4.83155,3.689344,3.689344,3.689344
8.694347,1,1,4.758421,3.694347,3.694347,3.694347
8.699349,1,1,4.568976,3.699349,3.699349,3.699349
8.704352,1,1,4.990256,3.704352,3.704352,3.704352
8.709354,1,1,5.146301,3.709354,3.709354,3.709354
8.714357,1,1,6.05272,3.714357,3.714357,3.714357
8.719359,1,1,4.730105,3.719359,3.719359,3.719359
8.724362,1,0,3.616592,3.724362,3.724362,0
8.729364,1,1,5.015092,3.729364,3.729364,3.729364
8.734367,1,1,4.350542,3.734367,3.734367,3.734367
8.739369,1,1,5.17304,3.739369,3.739369,3.739369
8.744372,1,1,5.564536,3.744372,3.744372,3.744372
8.749374,1,1,5.817095,3.749374,3.749374,3.749374
8.754377,1,1,5.428055,3.754377,3.754377,3.754377
8.759379,1,1,5.678612,3.759379,3.759379,3.759379
8.764382,1,1,4.964103,3.764382,3.764382,3.764382
8.769384,1,1,5.390878,3.769384,3.769384,3.769384
8.774387,1,1,5.571902,3.774387,3.774387,3.774387
8.779389,1,1,4.629883,3.779389,3.779389,3.779389
8.784392,1,1,5.883348,3.784392,3.784392,3.784392
8.789394,1,1,3.925814,3.789394,3.789394,3.789394
8.794397,1,1,5.208009,3.794397,3.794397,3.794397
8.799399,1,1,5.29818,3.799399,3.799399,3.799399
8.804402,1,1,4.882079,3.804402,3.804402,3.804402
8.809404,1,1,5.103737,3.809404,3.809404,3.809404
8.814407,1,1,6.242131,3.814407,3.814407,3.814407
8.819409,1,1,4.838614,3.819409,3.819409,3.819409
8.824412,1,1,5.745828,3.824412,3.824412,3.824412
8.829414,1,1,4.875388,3.829414,3.829414,3.829414
8.834417,1,1,5.769483,3.834417,3.834417,3.834417
8.839419,1,1,5.734124,3.839419,3.839419,3.839419
8.844422,1,1,5.06742,3.844422,3.844422,3.844422
8.849424,1,1,5.022515,3.849424,3.849424,3.849424
8.854427,1,1,4.817049,3.854427,3.854427,3.854427
8.859429,1,1,4.984419,3.859429,3.859429,3.859429
8.864432,1,1,5.7067,3.864432,3.864432,3.864432
8.869434,1,1,5.486707,3.869434,3.869434,3.869434
8.874437,1,1,5.363558,3.874437,3.874437,3.874437
8.879439,1,1,4.83067,3.879439,3.879439,3.879439
8.884442,1,1,4.330271,3.884442,3.884442,3.884442
8.889444,1,0,2.944773,3.889444,3.889444,0
8.894447,1,1,4.441005,3.894447,3.894447,3.894447
8.899449,1,1,5.010193,3.899449,3.899449,3.899449
8.904452,1,1,4.729945,3.904452,3.904452,3.904452
8.909454,1,1,5.230704,3.909454,3.909454,3.909454
8.914457,1,1,5.153875,3.914457,3.914457,3.914457
8.919459,1,1,4.927218,3.919459,3.919459,3.919459
8.924462,1,1,5.365695,3.924462,3.924462,3.924462
8.929464,1,1,6.336556,3.929464,3.929464,3.929464
8.934467,1,1,5.20461,3.934467,3.934467,3.934467
8.939469,1,1,4.511806,3.939469,3.939469,3.939469
8.944472,1,1,4.735597,3.944472,3.944472,3.944472
8.949474,1,1,4.9547,3.949474,3.949474,3.949474
8.954477,1,1,5.364588,3.954477,3.954477,3.954477
8.959479,1,1,5.656825,3.959479,3.959479,3.959479
8.964482,1,1,4.884121,3.964482,3.964482,3.964482
8.969484,1,1,5.268001,3.969484,3.969484,3.969484
8.974487,1,1,5.652455,3.974487,3.974487,3.974487
8.979489,1,1,4.836686,3.979489,3.979489,3.979489
8.984492,1,1,4.319569,3.984492,3.984492,3.984492
8.989494,1,1,5.591425,3.989494,3.989494,3.989494
8.994497,1,1,5.557622,3.994497,3.994497,3.994497
8.999499,1,1,5.340825,3.999499,3.999499,3.999499
9.004502,1,0,2.740161,4.004502,4.004502,0
9.009504,1,1,4.869853,4.009504,4.009504,4.009504
9.014507,1,1,4.830878,4.014507,4.014507,4.014507
9.019509,1,1,5.49648,4.019509,4.019509,4.019509
9.024512,1,1,4.916015,4.024512,4.024512,4.024512
9.029514,1,1,5.214225,4.029514,4.029514,4.029514
9.034517,1,1,4.779026,4.034517,4.034517,4.034517
9.039519,1,1,4.980283,4.039519,4.039519,4.039519
9.044522,1,1,5.73769,4.044522,4.044522,4.044522
9.049524,1,1,5.156303,4.049524,4.049524,4.049524
9.054527,1,1,5.817111,4.054527,4.054527,4.054527
9.059529,1,1,5.549441,4.059529,4.059529,4.059529
9.064532,1,1,5.20768,4.064532,4.064532,4.064532
9.069534,1,1,5.596907,4.069534,4.069534,4.069534
9.074537,1,1,4.783218,4.074537,4.074537,4.074537
9.079539,1,1,4.645478,4.079539,4.079539,4.079539
9.084542,1,1,6.105247,4.084542,4.084542,4.084542
9.089544,1,1,5.907702,4.089544,4.089544,4.089544
9.094547,1,1,5.407222,4.094547,4.094547,4.094547
9.09955,1,1,4.624047,4.09955,4.09955,4.09955
9.104552,1,1,6.074719,4.104552,4.104552,4.104552
9.109555,1,1,5.549972,4.109555,4.109555,4.109555
9.114557,1,1,5.411606,4.114557,4.114557,4.114557
9.11956,1,1,5.211287,4.11956,4.11956,4.11956
9.124562,1,1,5.62066,4.124562,4.124562,4.124562
9.129565,1,1,4.975898,4.129565,4.129565,4.129565
9.134567,1,1,5.425423,4.134567,4.134567,4.134567
9.13957,1,1,5.242593,4.13957,4.13957,4.13957
9.144572,1,1,5.558792,4.144572,4.144572,4.144572
9.149575,1,1,5.647145,4.149575,4.149575,4.149575
9.154577,1,1,5.647512,4.154577,4.154577,4.154577
9.15958,1,1,5.701972,4.15958,4.15958,4.15958
9.164582,1,1,4.936884,4.164582,4.164582,4.164582
9.169585,1,1,4.578964,4.169585,4.169585,4.169585
9.174587,1,1,5.249977,4.174587,4.174587,4.174587
9.17959,1,1,5.525388,4.17959,4.17959,4.17959
9.184592,1,0,3.188352,4.184592,4.184592,0
9.189595,1,1,5.069915,4.189595,4.189595,4.189595
9.194597,1,1,5.280319,4.194597,4.194597,4.194597
9.1996,1,0,3.339174,4.1996,4.1996,0
9.204602,1,0,3.184688,4.204602,4.204602,0
9.209605,1,1,4.653997,4.209605,4.209605,4.209605
9.214607,1,1,5.94507,4.214607,4.214607,4.214607
9.21961,1,1,5.403594,4.21961,4.21961,4.21961
9.224612,1,1,5.156857,4.224612,4.224612,4.224612
9.229615,1,1,4.145537,4.229615,4.229615,4.229615
9.234617,1,1,4.833121,4.234617,4.234617,4.234617
9.23962,1,1,4.757562,4.23962,4.23962,4.23962
9.244622,1,1,5.354196,4.244622,4.244622,4.244622
9.249625,1,1,5.709645,4.249625,4.249625,4.249625
9.254627,1,1,5.208467,4.254627,4.254627,4.254627
9.25963,1,1,5.661257,4.25963,4.25963,4.25963
9.264632,1,1,5.295925,4.264632,4.264632,4.264632
9.269635,1,1,4.688635,4.269635,4.269635,4.269635
9.274637,1,1,5.325654,4.274637,4.274637,4.274637
9.27964,1,0,3.394215,4.27964,4.27964,0
9.284642,1,1,5.640333,4.284642,4.284642,4.284642
9.289645,1,1,5.18409,4.289645,4.289645,4.289645
9.294647,1,1,4.256457,4.294647,4.294647,4.294647
9.29965,1,1,5.546236,4.29965,4.29965,4.29965
9.304652,1,1,5.287242,4.304652,4.304652,4.304652
9.309655,1,1,4.95611,4.309655,4.309655,4.309655
9.314657,1,1,4.79423,4.314657,4.314657,4.314657
9.31966,1,1,5.749146,4.31966,4.31966,4.31966
9.324662,1,1,4.976637,4.324662,4.324662,4.324662
9.329665,1,1,5.013812,4.329665,4.329665,4.329665
9.334667,1,1,6.004783,4.334667,4.334667,4.334667
9.33967,1,1,4.905368,4.33967,4.33967,4.33967
9.344672,1,1,5.634563,4.344672,4.344672,4.344672
9.349675,1,1,5.343514,4.349675,4.349675,4.349675
9.354677,1,1,6.309036,4.354677,4.354677,4.354677
9.35968,1,1,5.104611,4.35968,4.35968,4.35968
9.364682,1,1,5.563357,4.364682,4.364682,4.364682
9.369685,1,1,5.910913,4.369685,4.369685,4.369685
9.374687,1,1,5.282871,4.374687,4.374687,4.374687
9.37969,1,1,5.82588,4.37969,4.37969,4.37969
9.384692,1,1,5.314428,4.384692,4.384692,4.384692
9.389695,1,1,5.471871,4.389695,4.389695,4.389695
9.394697,1,1,5.868102,4.394697,4.394697,4.394697
9.3997,1,1,5.313575,4.3997,4.3997,4.3997
9.404702,1,1,4.07224,4.404702,4.404702,4.404702
9.409705,1,1,6.087481,4.409705,4.409705,4.409705
9.414707,1,1,4.221912,4.414707,4.414707,4.414707
9.41971,1,1,4.24189,4.41971,4.41971,4.41971
9.424712,1,1,4.899091,4.424712,4.424712,4.424712
9.429715,1,0,3.136249,4.429715,4.429715,0
9.434717,1,1,5.571167,4.434717,4.434717,4.434717
9.43972,1,1,5.81476,4.43972,4.43972,4.43972
9.444722,1,1,5.172265,4.444722,4.444722,4.444722
9.449725,1,1,5.193948,4.449725,4.449725,4.449725
9.454727,1,1,3.721331,4.454727,4.454727,4.454727
9.45973,1,1,4.63318,4.45973,4.45973,4.45973
9.464732,1,1,6.353126,4.464732,4.464732,4.464732
9.469735,1,1,5.763797,4.469735,4.469735,4.469735
9.474737,1,1,5.857057,4.474737,4.474737,4.474737
9.47974,1,1,5.255998,4.47974,4.47974,4.47974
9.484742,1,1,6.952089,4.484742,4.484742,4.484742
9.489745,1,1,5.151932,4.489745,4.489745,4.489745
9.494747,1,1,6.053283,4.494747,4.494747,4.494747
9.49975,1,1,4.763958,4.49975,4.49975,4.49975
9.504752,1,1,5.021249,4.504752,4.504752,4.504752
9.509755,1,1,5.765454,4.509755,4.509755,4.509755
9.514757,1,1,4.235463,4.514757,4.514757,4.514757
9.51976,1,1,4.902479,4.51976,4.51976,4.51976
9.524762,1,1,5.109717,4.524762,4.524762,4.524762
9.529765,1,1,4.784656,4.529765,4.529765,4.529765
9.534767,1,1,6.109554,4.534767,4.534767,4.534767
9.53977,1,1,5.614964,4.53977,4.53977,4.53977
9.544772,1,1,5.552063,4.544772,4.544772,4.544772
9.549775,1,1,4.329912,4.549775,4.549775,4.549775
9.554777,1,1,5.166464,4.554777,4.554777,4.554777
9.55978,1,1,7.402198,4.55978,4.55978,4.55978
9.564782,1,1,5.637232,4.564782,4.564782,4.564782
9.569785,1,1,5.519813,4.569785,4.569785,4.569785
9.574787,1,1,4.729732,4.574787,4.574787,4.574787
9.57979,1,1,5.139084,4.57979,4.57979,4.57979
9.584792,1,1,4.428449,4.584792,4.584792,4.584792
9.589795,1,1,6.314094,4.589795,4.589795,4.589795
9.594797,1,1,5.719779,4.594797,4.594797,4.594797
9.5998,1,1,5.183788,4.5998,4.5998,4.5998
9.604802,1,1,5.236154,4.604802,4.604802,4.604802
9.609805,1,1,5.671277,4.609805,4.609805,4.609805
9.614807,1,1,5.462819,4.614807,4.614807,4.614807
9.61981,1,1,5.245532,4.61981,4.61981,4.61981
9.624812,1,1,5.109176,4.624812,4.624812,4.624812
9.629815,1,1,5.543563,4.629815,4.629815,4.629815
9.634817,1,1,5.693262,4.634817,4.634817,4.634817
9.63982,1,1,5.586364,4.63982,4.63982,4.63982
9.644822,1,1,5.482368,4.644822,4.644822,4.644822
9.649825,1,1,5.077747,4.649825,4.649825,4.649825
9.654827,1,1,5.01371,4.654827,4.654827,4.654827
9.65983,1,1,4.886725,4.65983,4.65983,4.65983
9.664832,1,1,6.095819,4.664832,4.664832,4.664832
9.669835,1,1,6.068002,4.669835,4.669835,4.669835
9.674837,1,1,6.535992,4.674837,4.674837,4.674837
9.67984,1,1,4.894263,4.67984,4.67984,4.67984
9.684842,1,1,4.853677,4.684842,4.684842,4.684842
9.689845,1,1,5.67886,4.689845,4.689845,4.689845
9.694847,1,1,5.399334,4.694847,4.694847,4.694847
9.69985,1,1,6.318293,4.69985,4.69985,4.69985
9.704852,1,1,5.437368,4.704852,4.704852,4.704852
9.709855,1,1,5.677944,4.709855,4.709855,4.709855
9.714857,1,1,4.402771,4.714857,4.714857,4.714857
9.71986,1,1,5.171952,4.71986,4.71986,4.71986
9.724862,1,1,5.664419,4.724862,4.724862,4.724862
9.729865,1,1,5.167322,4.729865,4.729865,4.729865
9.734867,1,1,5.650057,4.734867,4.734867,4.734867
9.73987,1,1,5.639936,4.73987,4.73987,4.73987
9.744872,1,1,4.595622,4.744872,4.744872,4.744872
9.749875,1,1,3.515068,4.749875,4.749875,4.749875
9.754877,1,1,5.182554,4.754877,4.754877,4.754877
9.75988,1,1,6.022791,4.75988,4.75988,4.75988
9.764882,1,1,4.857999,4.764882,4.764882,4.764882
9.769885,1,1,5.529845,4.769885,4.769885,4.769885
9.774887,1,1,5.113619,4.774887,4.774887,4.774887
9.77989,1,1,5.374648,4.77989,4.77989,4.77989
9.784892,1,1,4.602342,4.784892,4.784892,4.784892
9.789895,1,1,5.453026,4.789895,4.789895,4.789895
9.794897,1,1,4.791431,4.794897,4.794897,4.794897
9.7999,1,1,5.132712,4.7999,4.7999,4.7999
9.804902,1,1,5.497537,4.804902,4.804902,4.804902
9.809905,1,1,5.676329,4.809905,4.809905,4.809905
9.814907,1,1,5.002957,4.814907,4.814907,4.814907
9.81991,1,1,4.497018,4.81991,4.81991,4.81991
9.824912,1,1,5.899692,4.824912,4.824912,4.824912
9.829915,1,1,5.034122,4.829915,4.829915,4.829915
9.834917,1,1,5.809132,4.834917,4.834917,4.834917
9.83992,1,1,4.853319,4.83992,4.83992,4.83992
9.844922,1,1,5.526693,4.844922,4.844922,4.844922
9.849925,1,1,5.820756,4.849925,4.849925,4.849925
9.854927,1,0,4.335142,4.854927,4.854927,0
9.85993,1,1,6.202776,4.85993,4.85993,4.85993
9.864932,1,1,5.277263,4.864932,4.864932,4.864932
9.869935,1,1,6.008207,4.869935,4.869935,4.869935
9.874937,1,1,5.296686,4.874937,4.874937,4.874937
9.87994,1,1,5.815828,4.87994,4.87994,4.87994
9.884942,1,1,5.583796,4.884942,4.884942,4.884942
9.889945,1,1,5.576861,4.889945,4.889945,4.889945
9.894947,1,1,5.607557,4.894947,4.894947,4.894947
9.89995,1,1,5.241108,4.89995,4.89995,4.89995
9.904952,1,1,4.529345,4.904952,4.904952,4.904952
9.909955,1,1,6.244054,4.909955,4.909955,4.909955
9.914957,1,1,6.393894,4.914957,4.914957,4.914957
9.91996,1,1,5.467465,4.91996,4.91996,4.91996
9.924962,1,1,5.238472,4.924962,4.924962,4.924962
9.929965,1,1,4.861248,4.929965,4.929965,4.929965
9.934967,1,1,5.445708,4.934967,4.934967,4.934967
9.93997,1,1,6.045125,4.93997,4.93997,4.93997
9.944972,1,1,6.688891,4.944972,4.944972,4.944972
9.949975,1,1,4.670112,4.949975,4.949975,4.949975
9.954977,1,1,5.722106,4.954977,4.954977,4.954977
9.95998,1,1,5.351614,4.95998,4.95998,4.95998
9.964982,1,1,6.266423,4.964982,4.964982,4.964982
9.969985,1,1,4.54072,4.969985,4.969985,4.969985
9.974987,1,1,6.525499,4.974987,4.974987,4.974987
9.97999,1,1,6.157705,4.97999,4.97999,4.97999
9.984992,1,1,5.192042,4.984992,4.984992,4.984992
9.989995,1,1,5.553291,4.989995,4.989995,4.989995
9.994997,1,1,5.964287,4.994997,4.994997,4.994997
10,1,1,6.180117,5,5,5
